affected_flow_count,affected_flow_ratio,affected_route_unchanged_count,all_reroute_celf_ms,all_reroute_h2s_ms,all_reroute_peak_rss_bytes,all_reroute_scheduled_count,all_reroute_scheduled_ratio,all_reroute_status,all_reroute_total_ms,baseline_scheduled_count,baseline_scheduled_ratio,baseline_status,baseline_total_ms,changed_affected_flow_count,changed_route_flow_count,changed_route_flow_ratio,changed_unaffected_flow_count,changed_unaffected_flow_ratio,extra_unaffected_reroute_fraction,fault_id,hop_delta_total,max_hop_delta,mean_hop_delta_per_changed_flow,new_physical_links_used,p0_route_links_abandoned,project_checker_pass,rescue_class,rescued,route_scope,scenario_id,total_p0_hops,total_pf_hops,total_tt_flows,unaffected_route_unchanged_count,upstream_verifier_pass
262,0.262,0,0,106.57963,28561408,1000,1.0,SUCCESS_H2S,258.954664,0,0.99,HEURISTIC_NOT_FOUND,405.995609,262,313,0.313,51,0.06910569105691057,0.06910569105691057,l_sw0011_sw0013,255,3,0.8146964856230032,19,10,True,C_RESCUED_WITH_MODERATE_RELAXATION,True,all-reroute,F150_TT1000,16578,16833,1000,687,True
259,0.259,0,0,106.400717,28418048,1000,1.0,SUCCESS_H2S,259.862905,0,0.995,HEURISTIC_NOT_FOUND,393.378145,259,312,0.312,53,0.07152496626180836,0.07152496626180836,l_sw0015_sw0017,246,1,0.7884615384615384,18,10,True,C_RESCUED_WITH_MODERATE_RELAXATION,True,all-reroute,F150_TT1000,16578,16824,1000,688,True
254,0.254,0,0,105.37729,28590080,1000,1.0,SUCCESS_H2S,263.651163,0,0.992,HEURISTIC_NOT_FOUND,389.174759,254,300,0.3,46,0.06166219839142091,0.06166219839142091,l_sw0019_sw0021,255,3,0.85,19,7,True,C_RESCUED_WITH_MODERATE_RELAXATION,True,all-reroute,F150_TT1000,16578,16833,1000,700,True
255,0.255,0,0,108.01802,28573696,1000,1.0,SUCCESS_H2S,264.748757,0,0.99,HEURISTIC_NOT_FOUND,407.063826,255,305,0.305,50,0.06711409395973154,0.06711409395973154,l_sw0027_sw0029,256,2,0.839344262295082,19,7,True,C_RESCUED_WITH_MODERATE_RELAXATION,True,all-reroute,F150_TT1000,16578,16834,1000,695,True
260,0.26,0,0,107.548761,28573696,1000,1.0,SUCCESS_H2S,267.226863,0,0.995,HEURISTIC_NOT_FOUND,393.93789,260,306,0.306,46,0.062162162162162166,0.062162162162162166,l_sw0031_sw0033,255,3,0.8333333333333334,16,7,True,C_RESCUED_WITH_MODERATE_RELAXATION,True,all-reroute,F150_TT1000,16578,16833,1000,694,True
261,0.261,0,0,108.419394,28585984,1000,1.0,SUCCESS_H2S,267.403611,0,0.994,HEURISTIC_NOT_FOUND,390.024136,261,306,0.306,45,0.06089309878213803,0.06089309878213803,l_sw0041_sw0043,252,2,0.8235294117647058,16,8,True,C_RESCUED_WITH_MODERATE_RELAXATION,True,all-reroute,F150_TT1000,16578,16830,1000,694,True
256,0.256,0,0,108.157645,28590080,1000,1.0,SUCCESS_H2S,274.267858,0,0.996,HEURISTIC_NOT_FOUND,407.998517,256,300,0.3,44,0.05913978494623656,0.05913978494623656,l_sw0057_sw0059,249,2,0.83,13,3,True,C_RESCUED_WITH_MODERATE_RELAXATION,True,all-reroute,F150_TT1000,16578,16827,1000,700,True
256,0.256,0,0,117.099681,28606464,1000,1.0,SUCCESS_H2S,292.668843,0,0.996,HEURISTIC_NOT_FOUND,411.76793,256,305,0.305,49,0.06586021505376344,0.06586021505376344,l_sw0069_sw0071,240,1,0.7868852459016393,13,8,True,C_RESCUED_WITH_MODERATE_RELAXATION,True,all-reroute,F150_TT1000,16578,16818,1000,695,True
255,0.255,0,0,111.909737,28598272,1000,1.0,SUCCESS_H2S,277.791,0,0.989,HEURISTIC_NOT_FOUND,413.69052,255,308,0.308,53,0.07114093959731543,0.07114093959731543,l_sw0079_sw0081,252,3,0.8181818181818182,15,9,True,C_RESCUED_WITH_MODERATE_RELAXATION,True,all-reroute,F150_TT1000,16578,16830,1000,692,True
259,0.259,0,0,109.294889,28569600,1000,1.0,SUCCESS_H2S,267.127303,0,0.988,HEURISTIC_NOT_FOUND,412.120287,259,313,0.313,54,0.0728744939271255,0.0728744939271255,l_sw0081_sw0083,251,1,0.8019169329073482,15,8,True,C_RESCUED_WITH_MODERATE_RELAXATION,True,all-reroute,F150_TT1000,16578,16829,1000,687,True
243,0.324,0,0,93.404714,25100288,750,1.0,SUCCESS_H2S,228.406881,0,0.9986666666666667,HEURISTIC_NOT_FOUND,361.165849,243,261,0.348,18,0.03550295857988166,0.03550295857988166,l_sw0037_sw0039,239,1,0.9157088122605364,30,8,True,B_RESCUED_WITH_SMALL_RELAXATION,True,all-reroute,F150_TT750,14273,14512,750,489,True
118,0.236,0,0,124.827169,32247808,500,1.0,SUCCESS_H2S,394.958354,0,0.998,HEURISTIC_NOT_FOUND,617.654029,118,212,0.424,94,0.24607329842931938,0.24607329842931938,l_sw0008_sw0010,51,2,0.24056603773584906,24,33,True,D_RESCUED_WITH_GLOBAL_RELAXATION,True,all-reroute,S4,20453,20504,500,288,True
108,0.216,0,0,123.971108,32296960,500,1.0,SUCCESS_H2S,376.650263,0,0.998,HEURISTIC_NOT_FOUND,615.126735,108,190,0.38,82,0.20918367346938777,0.20918367346938777,l_sw0114_sw0116,44,2,0.23157894736842105,26,36,True,D_RESCUED_WITH_GLOBAL_RELAXATION,True,all-reroute,S4,20453,20497,500,310,True
118,0.236,0,0,124.271566,32141312,500,1.0,SUCCESS_H2S,378.925261,0,0.996,HEURISTIC_NOT_FOUND,605.196897,118,204,0.408,86,0.225130890052356,0.225130890052356,l_sw0149_sw0151,60,2,0.29411764705882354,26,29,True,D_RESCUED_WITH_GLOBAL_RELAXATION,True,all-reroute,S4,20453,20513,500,296,True
116,0.232,0,0,132.459903,32313344,500,1.0,SUCCESS_H2S,389.993871,0,0.998,HEURISTIC_NOT_FOUND,590.432179,116,186,0.372,70,0.18229166666666666,0.18229166666666666,l_sw0151_sw0153,58,2,0.3118279569892473,22,32,True,C_RESCUED_WITH_MODERATE_RELAXATION,True,all-reroute,S4,20453,20511,500,314,True
125,0.25,0,0,123.084694,32309248,500,1.0,SUCCESS_H2S,396.641905,0,0.994,HEURISTIC_NOT_FOUND,605.839235,125,196,0.392,71,0.18933333333333333,0.18933333333333333,l_sw0159_sw0161,58,2,0.29591836734693877,27,31,True,C_RESCUED_WITH_MODERATE_RELAXATION,True,all-reroute,S4,20453,20511,500,304,True
121,0.242,0,0,125.191957,32309248,500,1.0,SUCCESS_H2S,379.163788,0,0.992,HEURISTIC_NOT_FOUND,598.035497,121,211,0.422,90,0.23746701846965698,0.23746701846965698,l_sw0161_sw0163,61,2,0.2890995260663507,28,34,True,D_RESCUED_WITH_GLOBAL_RELAXATION,True,all-reroute,S4,20453,20514,500,289,True
114,0.228,0,0,126.093608,32247808,500,1.0,SUCCESS_H2S,377.938239,0,0.998,HEURISTIC_NOT_FOUND,608.539532,114,212,0.424,98,0.2538860103626943,0.2538860103626943,l_sw0164_sw0166,62,2,0.29245283018867924,19,26,True,D_RESCUED_WITH_GLOBAL_RELAXATION,True,all-reroute,S4,20453,20515,500,288,True
122,0.244,0,0,126.027379,32309248,500,1.0,SUCCESS_H2S,389.909198,0,0.996,HEURISTIC_NOT_FOUND,625.484402,122,191,0.382,69,0.18253968253968253,0.18253968253968253,l_sw0165_sw0167,58,2,0.3036649214659686,28,36,True,C_RESCUED_WITH_MODERATE_RELAXATION,True,all-reroute,S4,20453,20511,500,309,True
220,0.22,0,0,234.832089,55644160,1000,1.0,SUCCESS_H2S,728.431212,0,0.924,HEURISTIC_NOT_FOUND,1049.592244,220,396,0.396,176,0.22564102564102564,0.22564102564102564,l_sw0001_sw0003,447,12,1.128787878787879,35,18,True,D_RESCUED_WITH_GLOBAL_RELAXATION,True,all-reroute,S5,37528,37975,1000,604,True
212,0.212,0,0,226.499878,55615488,1000,1.0,SUCCESS_H2S,693.469614,0,0.93,HEURISTIC_NOT_FOUND,1047.197632,212,377,0.377,165,0.20939086294416243,0.20939086294416243,l_sw0003_sw0005,429,15,1.1379310344827587,29,12,True,D_RESCUED_WITH_GLOBAL_RELAXATION,True,all-reroute,S5,37528,37957,1000,623,True
221,0.221,0,0,226.119955,55771136,1000,1.0,SUCCESS_H2S,725.01935,0,0.94,HEURISTIC_NOT_FOUND,1025.288439,221,408,0.408,187,0.24005134788189988,0.24005134788189988,l_sw0010_sw0012,586,19,1.4362745098039216,35,13,True,D_RESCUED_WITH_GLOBAL_RELAXATION,True,all-reroute,S5,37528,38114,1000,592,True
211,0.211,0,0,238.528266,55631872,1000,1.0,SUCCESS_H2S,712.917843,0,0.92,HEURISTIC_NOT_FOUND,1019.828869,211,405,0.405,194,0.2458808618504436,0.2458808618504436,l_sw0019_sw0021,510,21,1.2592592592592593,30,17,True,D_RESCUED_WITH_GLOBAL_RELAXATION,True,all-reroute,S5,37528,38038,1000,595,True
216,0.216,0,0,225.761995,55328768,1000,1.0,SUCCESS_H2S,704.958765,0,0.92,HEURISTIC_NOT_FOUND,994.398788,216,423,0.423,207,0.26403061224489793,0.26403061224489793,l_sw0021_sw0023,383,15,0.9054373522458629,26,15,True,D_RESCUED_WITH_GLOBAL_RELAXATION,True,all-reroute,S5,37528,37911,1000,577,True
196,0.196,0,0,224.148843,55386112,1000,1.0,SUCCESS_H2S,705.562624,0,0.925,HEURISTIC_NOT_FOUND,998.709135,196,379,0.379,183,0.22761194029850745,0.22761194029850745,l_sw0041_sw0043,345,13,0.9102902374670184,25,9,True,D_RESCUED_WITH_GLOBAL_RELAXATION,True,all-reroute,S5,37528,37873,1000,621,True
197,0.197,0,0,237.512603,55099392,1000,1.0,SUCCESS_H2S,734.025192,0,0.922,HEURISTIC_NOT_FOUND,1012.614798,197,407,0.407,210,0.261519302615193,0.261519302615193,l_sw0047_sw0049,329,17,0.8083538083538083,31,13,True,D_RESCUED_WITH_GLOBAL_RELAXATION,True,all-reroute,S5,37528,37857,1000,593,True
208,0.208,0,0,225.998799,55361536,1000,1.0,SUCCESS_H2S,697.43975,0,0.924,HEURISTIC_NOT_FOUND,1013.071263,208,405,0.405,197,0.24873737373737373,0.24873737373737373,l_sw0059_sw0061,406,21,1.002469135802469,28,13,True,D_RESCUED_WITH_GLOBAL_RELAXATION,True,all-reroute,S5,37528,37934,1000,595,True
194,0.194,0,0,227.801412,55689216,1000,1.0,SUCCESS_H2S,720.197033,0,0.962,HEURISTIC_NOT_FOUND,1049.005628,194,367,0.367,173,0.21464019851116625,0.21464019851116625,l_sw0062_sw0064,474,19,1.2915531335149864,29,14,True,D_RESCUED_WITH_GLOBAL_RELAXATION,True,all-reroute,S5,37528,38002,1000,633,True
207,0.207,0,0,237.517317,55242752,1000,1.0,SUCCESS_H2S,738.666291,0,0.939,HEURISTIC_NOT_FOUND,1050.588306,207,394,0.394,187,0.23581336696090793,0.23581336696090793,l_sw0074_sw0076,331,10,0.8401015228426396,36,13,True,D_RESCUED_WITH_GLOBAL_RELAXATION,True,all-reroute,S5,37528,37859,1000,606,True
187,0.187,0,0,224.107359,55123968,1000,1.0,SUCCESS_H2S,704.136119,0,0.944,HEURISTIC_NOT_FOUND,1022.682125,187,373,0.373,186,0.22878228782287824,0.22878228782287824,l_sw0079_sw0081,349,13,0.935656836461126,27,17,True,D_RESCUED_WITH_GLOBAL_RELAXATION,True,all-reroute,S5,37528,37877,1000,627,True
214,0.214,0,0,226.777936,55656448,1000,1.0,SUCCESS_H2S,721.62637,0,0.936,HEURISTIC_NOT_FOUND,1024.957607,214,393,0.393,179,0.227735368956743,0.227735368956743,l_sw0080_sw0082,496,19,1.262086513994911,33,12,True,D_RESCUED_WITH_GLOBAL_RELAXATION,True,all-reroute,S5,37528,38024,1000,607,True
3,0.003,0,0,232.952232,54857728,1000,1.0,SUCCESS_H2S,692.939158,0,0.998,HEURISTIC_NOT_FOUND,1039.736985,3,31,0.031,28,0.028084252758274825,0.028084252758274825,l_sw0094_sw0095,2,4,0.06451612903225806,2,6,True,B_RESCUED_WITH_SMALL_RELAXATION,True,all-reroute,S5,37528,37530,1000,969,True
202,0.202,0,0,222.511963,55312384,1000,1.0,SUCCESS_H2S,722.301299,0,0.944,HEURISTIC_NOT_FOUND,1031.880123,202,381,0.381,179,0.22431077694235588,0.22431077694235588,l_sw0094_sw0096,301,9,0.7900262467191601,28,14,True,D_RESCUED_WITH_GLOBAL_RELAXATION,True,all-reroute,S5,37528,37829,1000,619,True
200,0.2,0,0,226.485097,55209984,1000,1.0,SUCCESS_H2S,696.840746,0,0.933,HEURISTIC_NOT_FOUND,1002.962907,200,377,0.377,177,0.22125,0.22125,l_sw0100_sw0102,298,6,0.7904509283819628,28,18,True,D_RESCUED_WITH_GLOBAL_RELAXATION,True,all-reroute,S5,37528,37826,1000,623,True
198,0.198,0,0,240.183666,55619584,1000,1.0,SUCCESS_H2S,745.313223,0,0.961,HEURISTIC_NOT_FOUND,1060.612845,198,349,0.349,151,0.1882793017456359,0.1882793017456359,l_sw0103_sw0105,446,19,1.2779369627507164,35,16,True,C_RESCUED_WITH_MODERATE_RELAXATION,True,all-reroute,S5,37528,37974,1000,651,True
197,0.197,0,0,223.433352,55619584,1000,1.0,SUCCESS_H2S,701.753266,0,0.967,HEURISTIC_NOT_FOUND,1049.407389,197,352,0.352,155,0.1930261519302615,0.1930261519302615,l_sw0113_sw0115,437,17,1.2414772727272727,33,14,True,C_RESCUED_WITH_MODERATE_RELAXATION,True,all-reroute,S5,37528,37965,1000,648,True
206,0.206,0,0,222.801693,55275520,1000,1.0,SUCCESS_H2S,722.719126,0,0.93,HEURISTIC_NOT_FOUND,1023.887212,206,357,0.357,151,0.190176322418136,0.190176322418136,l_sw0118_sw0120,318,11,0.8907563025210085,32,8,True,C_RESCUED_WITH_MODERATE_RELAXATION,True,all-reroute,S5,37528,37846,1000,643,True
199,0.199,0,0,235.766781,55578624,1000,1.0,SUCCESS_H2S,707.417632,0,0.915,HEURISTIC_NOT_FOUND,1005.146525,199,382,0.382,183,0.22846441947565543,0.22846441947565543,l_sw0148_sw0150,453,17,1.1858638743455496,41,15,True,D_RESCUED_WITH_GLOBAL_RELAXATION,True,all-reroute,S5,37528,37981,1000,618,True
209,0.209,0,0,224.835122,55365632,1000,1.0,SUCCESS_H2S,697.260804,0,0.922,HEURISTIC_NOT_FOUND,1004.766333,209,366,0.366,157,0.19848293299620734,0.19848293299620734,l_sw0152_sw0154,387,13,1.0573770491803278,34,10,True,C_RESCUED_WITH_MODERATE_RELAXATION,True,all-reroute,S5,37528,37915,1000,634,True
210,0.21,0,0,220.745506,55414784,1000,1.0,SUCCESS_H2S,709.880673,0,0.93,HEURISTIC_NOT_FOUND,996.282246,210,376,0.376,166,0.21012658227848102,0.21012658227848102,l_sw0154_sw0156,395,13,1.050531914893617,33,14,True,D_RESCUED_WITH_GLOBAL_RELAXATION,True,all-reroute,S5,37528,37923,1000,624,True
217,0.217,0,0,232.158488,55468032,1000,1.0,SUCCESS_H2S,707.152999,0,0.934,HEURISTIC_NOT_FOUND,1047.673007,217,398,0.398,181,0.23116219667943805,0.23116219667943805,l_sw0161_sw0163,500,17,1.256281407035176,31,11,True,D_RESCUED_WITH_GLOBAL_RELAXATION,True,all-reroute,S5,37528,38028,1000,602,True
203,0.203,0,0,226.557606,55361536,1000,1.0,SUCCESS_H2S,703.904435,0,0.942,HEURISTIC_NOT_FOUND,1032.869826,203,375,0.375,172,0.21580928481806774,0.21580928481806774,l_sw0164_sw0166,381,13,1.016,34,15,True,D_RESCUED_WITH_GLOBAL_RELAXATION,True,all-reroute,S5,37528,37909,1000,625,True
224,0.224,0,0,224.908785,55619584,1000,1.0,SUCCESS_H2S,716.775254,0,0.931,HEURISTIC_NOT_FOUND,1013.01118,224,403,0.403,179,0.23067010309278352,0.23067010309278352,l_sw0167_sw0169,454,17,1.1265508684863523,34,19,True,D_RESCUED_WITH_GLOBAL_RELAXATION,True,all-reroute,S5,37528,37982,1000,597,True
205,0.205,0,0,233.273392,55345152,1000,1.0,SUCCESS_H2S,735.146456,0,0.95,HEURISTIC_NOT_FOUND,1058.614657,205,387,0.387,182,0.2289308176100629,0.2289308176100629,l_sw0168_sw0170,386,12,0.9974160206718347,35,14,True,D_RESCUED_WITH_GLOBAL_RELAXATION,True,all-reroute,S5,37528,37914,1000,613,True
2,0.002,0,0,487.711081,114511872,1000,1.0,SUCCESS_H2S,2200.751949,0,0.999,HEURISTIC_NOT_FOUND,3376.382059,2,63,0.063,61,0.061122244488977955,0.061122244488977955,l_sw0001_sw0340,1,10,0.015873015873015872,15,14,True,C_RESCUED_WITH_MODERATE_RELAXATION,True,all-reroute,S6,83727,83728,1000,937,True
234,0.234,0,0,498.130789,115482624,1000,1.0,SUCCESS_H2S,2236.997798,0,0.89,HEURISTIC_NOT_FOUND,3261.644522,234,541,0.541,307,0.4007832898172324,0.4007832898172324,l_sw0012_sw0014,526,13,0.9722735674676525,100,25,True,D_RESCUED_WITH_GLOBAL_RELAXATION,True,all-reroute,S6,83727,84253,1000,459,True
236,0.236,0,0,509.066303,115666944,1000,1.0,SUCCESS_H2S,2198.991425,0,0.895,HEURISTIC_NOT_FOUND,3234.182805,236,508,0.508,272,0.35602094240837695,0.35602094240837695,l_sw0016_sw0018,630,15,1.2401574803149606,91,28,True,D_RESCUED_WITH_GLOBAL_RELAXATION,True,all-reroute,S6,83727,84357,1000,492,True
240,0.24,0,0,510.259913,115609600,1000,1.0,SUCCESS_H2S,2223.461886,0,0.903,HEURISTIC_NOT_FOUND,3303.816722,240,485,0.485,245,0.3223684210526316,0.3223684210526316,l_sw0024_sw0026,519,12,1.0701030927835051,98,26,True,D_RESCUED_WITH_GLOBAL_RELAXATION,True,all-reroute,S6,83727,84246,1000,515,True
231,0.231,0,0,493.986268,115335168,1000,1.0,SUCCESS_H2S,2157.65957,0,0.904,HEURISTIC_NOT_FOUND,3320.550189,231,526,0.526,295,0.3836150845253576,0.3836150845253576,l_sw0032_sw0034,438,12,0.8326996197718631,94,28,True,D_RESCUED_WITH_GLOBAL_RELAXATION,True,all-reroute,S6,83727,84165,1000,474,True
243,0.243,0,0,508.0724,115118080,1000,1.0,SUCCESS_H2S,2194.078479,0,0.907,HEURISTIC_NOT_FOUND,3231.687982,243,487,0.487,244,0.32232496697490093,0.32232496697490093,l_sw0039_sw0041,351,13,0.7207392197125256,95,27,True,D_RESCUED_WITH_GLOBAL_RELAXATION,True,all-reroute,S6,83727,84078,1000,513,True
229,0.229,0,0,499.69703,115122176,1000,1.0,SUCCESS_H2S,2199.614441,0,0.914,HEURISTIC_NOT_FOUND,3292.067184,229,514,0.514,285,0.36964980544747084,0.36964980544747084,l_sw0055_sw0057,369,15,0.7178988326848249,92,25,True,D_RESCUED_WITH_GLOBAL_RELAXATION,True,all-reroute,S6,83727,84096,1000,486,True
5,0.005,0,0,523.326288,114528256,1000,1.0,SUCCESS_H2S,2241.643553,0,0.995,HEURISTIC_NOT_FOUND,3336.087867,5,27,0.027,22,0.022110552763819097,0.022110552763819097,l_sw0066_sw0067,-9,2,-0.3333333333333333,6,10,True,B_RESCUED_WITH_SMALL_RELAXATION,True,all-reroute,S6,83727,83718,1000,973,True
242,0.242,0,0,501.050528,115515392,1000,1.0,SUCCESS_H2S,2265.879897,0,0.906,HEURISTIC_NOT_FOUND,3275.132405,242,522,0.522,280,0.36939313984168864,0.36939313984168864,l_sw0067_sw0069,508,13,0.9731800766283525,99,25,True,D_RESCUED_WITH_GLOBAL_RELAXATION,True,all-reroute,S6,83727,84235,1000,478,True
234,0.234,0,0,506.372409,115122176,1000,1.0,SUCCESS_H2S,2217.452204,0,0.907,HEURISTIC_NOT_FOUND,3264.501226,234,528,0.528,294,0.3838120104438642,0.3838120104438642,l_sw0076_sw0078,409,12,0.7746212121212122,92,27,True,D_RESCUED_WITH_GLOBAL_RELAXATION,True,all-reroute,S6,83727,84136,1000,472,True
239,0.239,0,0,503.097318,115322880,1000,1.0,SUCCESS_H2S,2203.377904,0,0.901,HEURISTIC_NOT_FOUND,3290.705747,239,509,0.509,270,0.354796320630749,0.354796320630749,l_sw0080_sw0082,420,12,0.825147347740668,97,21,True,D_RESCUED_WITH_GLOBAL_RELAXATION,True,all-reroute,S6,83727,84147,1000,491,True
235,0.235,0,0,519.773407,115326976,1000,1.0,SUCCESS_H2S,2309.515107,0,0.908,HEURISTIC_NOT_FOUND,3283.318577,235,510,0.51,275,0.35947712418300654,0.35947712418300654,l_sw0081_sw0083,455,13,0.8921568627450981,93,34,True,D_RESCUED_WITH_GLOBAL_RELAXATION,True,all-reroute,S6,83727,84182,1000,490,True
229,0.229,0,0,503.038854,115376128,1000,1.0,SUCCESS_H2S,2178.030121,0,0.904,HEURISTIC_NOT_FOUND,3228.539378,229,506,0.506,277,0.35927367055771725,0.35927367055771725,l_sw0087_sw0089,474,11,0.9367588932806324,95,30,True,D_RESCUED_WITH_GLOBAL_RELAXATION,True,all-reroute,S6,83727,84201,1000,494,True
6,0.006,0,0,508.288472,114515968,1000,1.0,SUCCESS_H2S,2209.644905,0,0.988,HEURISTIC_NOT_FOUND,3313.703188,6,95,0.095,89,0.08953722334004025,0.08953722334004025,l_sw0089_sw0090,-40,7,-0.42105263157894735,13,18,True,C_RESCUED_WITH_MODERATE_RELAXATION,True,all-reroute,S6,83727,83687,1000,905,True
249,0.249,0,0,511.353468,115322880,1000,1.0,SUCCESS_H2S,2227.728285,0,0.904,HEURISTIC_NOT_FOUND,3261.325857,249,488,0.488,239,0.3182423435419441,0.3182423435419441,l_sw0090_sw0092,364,9,0.7459016393442623,100,19,True,D_RESCUED_WITH_GLOBAL_RELAXATION,True,all-reroute,S6,83727,84091,1000,512,True
246,0.246,0,0,515.195612,115146752,1000,1.0,SUCCESS_H2S,2204.465157,0,0.914,HEURISTIC_NOT_FOUND,3302.636906,246,481,0.481,235,0.3116710875331565,0.3116710875331565,l_sw0096_sw0098,371,13,0.7713097713097713,83,23,True,D_RESCUED_WITH_GLOBAL_RELAXATION,True,all-reroute,S6,83727,84098,1000,519,True
237,0.237,0,0,509.083651,115167232,1000,1.0,SUCCESS_H2S,2191.981789,0,0.905,HEURISTIC_NOT_FOUND,3269.645692,237,491,0.491,254,0.3328964613368283,0.3328964613368283,l_sw0130_sw0132,360,11,0.7331975560081466,95,21,True,D_RESCUED_WITH_GLOBAL_RELAXATION,True,all-reroute,S6,83727,84087,1000,509,True
238,0.238,0,0,508.643188,115220480,1000,1.0,SUCCESS_H2S,2218.123923,0,0.897,HEURISTIC_NOT_FOUND,3255.351948,238,550,0.55,312,0.4094488188976378,0.4094488188976378,l_sw0148_sw0150,446,13,0.8109090909090909,107,22,True,D_RESCUED_WITH_GLOBAL_RELAXATION,True,all-reroute,S6,83727,84173,1000,450,True
244,0.244,0,0,506.641186,115548160,1000,1.0,SUCCESS_H2S,2163.307782,0,0.901,HEURISTIC_NOT_FOUND,3281.130948,244,523,0.523,279,0.36904761904761907,0.36904761904761907,l_sw0152_sw0154,477,13,0.9120458891013384,103,19,True,D_RESCUED_WITH_GLOBAL_RELAXATION,True,all-reroute,S6,83727,84204,1000,477,True
261,0.261,0,0,508.453205,115130368,1000,1.0,SUCCESS_H2S,2230.644737,0,0.909,HEURISTIC_NOT_FOUND,3306.461349,261,519,0.519,258,0.3491204330175913,0.3491204330175913,l_sw0171_sw0173,380,10,0.7321772639691715,95,19,True,D_RESCUED_WITH_GLOBAL_RELAXATION,True,all-reroute,S6,83727,84107,1000,481,True
221,0.221,0,0,507.334678,115453952,1000,1.0,SUCCESS_H2S,2178.7464,0,0.904,HEURISTIC_NOT_FOUND,3277.583112,221,485,0.485,264,0.33889602053915274,0.33889602053915274,l_sw0172_sw0174,506,11,1.043298969072165,90,18,True,D_RESCUED_WITH_GLOBAL_RELAXATION,True,all-reroute,S6,83727,84233,1000,515,True
245,0.245,0,0,526.488459,115281920,1000,1.0,SUCCESS_H2S,2272.842374,0,0.917,HEURISTIC_NOT_FOUND,3457.660473,245,478,0.478,233,0.3086092715231788,0.3086092715231788,l_sw0179_sw0181,374,10,0.7824267782426778,90,24,True,D_RESCUED_WITH_GLOBAL_RELAXATION,True,all-reroute,S6,83727,84101,1000,522,True
227,0.227,0,0,507.119811,115544064,1000,1.0,SUCCESS_H2S,2214.997541,0,0.911,HEURISTIC_NOT_FOUND,3224.213301,227,480,0.48,253,0.32729624838292365,0.32729624838292365,l_sw0206_sw0208,562,13,1.1708333333333334,89,24,True,D_RESCUED_WITH_GLOBAL_RELAXATION,True,all-reroute,S6,83727,84289,1000,520,True
240,0.24,0,0,511.707215,115736576,1000,1.0,SUCCESS_H2S,2231.170973,0,0.914,HEURISTIC_NOT_FOUND,3278.621441,240,484,0.484,244,0.32105263157894737,0.32105263157894737,l_sw0220_sw0222,569,13,1.1756198347107438,84,33,True,D_RESCUED_WITH_GLOBAL_RELAXATION,True,all-reroute,S6,83727,84296,1000,516,True
241,0.241,0,0,511.389714,115470336,1000,1.0,SUCCESS_H2S,2197.802863,0,0.911,HEURISTIC_NOT_FOUND,3293.05776,241,481,0.481,240,0.31620553359683795,0.31620553359683795,l_sw0228_sw0230,476,13,0.9896049896049897,80,31,True,D_RESCUED_WITH_GLOBAL_RELAXATION,True,all-reroute,S6,83727,84203,1000,519,True
233,0.233,0,0,507.129641,115449856,1000,1.0,SUCCESS_H2S,2213.785403,0,0.905,HEURISTIC_NOT_FOUND,3338.75478,233,491,0.491,258,0.3363754889178618,0.3363754889178618,l_sw0240_sw0242,513,12,1.044806517311609,94,24,True,D_RESCUED_WITH_GLOBAL_RELAXATION,True,all-reroute,S6,83727,84240,1000,509,True
232,0.232,0,0,500.059587,115355648,1000,1.0,SUCCESS_H2S,2199.584179,0,0.901,HEURISTIC_NOT_FOUND,3208.169922,232,498,0.498,266,0.3463541666666667,0.3463541666666667,l_sw0257_sw0259,534,13,1.072289156626506,90,25,True,D_RESCUED_WITH_GLOBAL_RELAXATION,True,all-reroute,S6,83727,84261,1000,502,True
250,0.25,0,0,514.083292,115658752,1000,1.0,SUCCESS_H2S,2251.328804,0,0.915,HEURISTIC_NOT_FOUND,3355.402594,250,484,0.484,234,0.312,0.312,l_sw0277_sw0279,646,13,1.334710743801653,90,23,True,D_RESCUED_WITH_GLOBAL_RELAXATION,True,all-reroute,S6,83727,84373,1000,516,True
247,0.247,0,0,502.426787,115683328,1000,1.0,SUCCESS_H2S,2232.637783,0,0.914,HEURISTIC_NOT_FOUND,3319.319706,247,508,0.508,261,0.3466135458167331,0.3466135458167331,l_sw0305_sw0307,599,13,1.1791338582677164,95,23,True,D_RESCUED_WITH_GLOBAL_RELAXATION,True,all-reroute,S6,83727,84326,1000,492,True
242,0.242,0,0,494.709052,115376128,1000,1.0,SUCCESS_H2S,2139.744712,0,0.905,HEURISTIC_NOT_FOUND,3286.752948,242,536,0.536,294,0.38786279683377306,0.38786279683377306,l_sw0331_sw0333,487,13,0.9085820895522388,98,31,True,D_RESCUED_WITH_GLOBAL_RELAXATION,True,all-reroute,S6,83727,84214,1000,464,True
492,0.246,,1026.719899,1009.479478,232914944,0,0.9875,HEURISTIC_NOT_FOUND,8737.469137,0,0.8865,HEURISTIC_NOT_FOUND,6534.524698,,,,,,,l_sw0007_sw0009,,,,,,False,E_NOT_RESCUED,False,all-reroute,S7,,,2000,,False
501,0.2505,,1005.441048,985.832013,234147840,0,0.99,HEURISTIC_NOT_FOUND,8674.852239,0,0.8795,HEURISTIC_NOT_FOUND,6603.025652,,,,,,,l_sw0019_sw0021,,,,,,False,E_NOT_RESCUED,False,all-reroute,S7,,,2000,,False
499,0.2495,,1027.88838,978.168203,235646976,0,0.9925,HEURISTIC_NOT_FOUND,8840.833826,0,0.886,HEURISTIC_NOT_FOUND,6645.034589,,,,,,,l_sw0023_sw0025,,,,,,False,E_NOT_RESCUED,False,all-reroute,S7,,,2000,,False
9,0.0045,0,0,971.105843,232980480,2000,1.0,SUCCESS_H2S,4503.020927,0,0.997,HEURISTIC_NOT_FOUND,6811.342538,9,311,0.1555,302,0.15168257157207435,0.15168257157207435,l_sw0024_sw0025,-28,70,-0.09003215434083602,13,6,True,C_RESCUED_WITH_MODERATE_RELAXATION,True,all-reroute,S7,172912,172884,2000,1689,True
488,0.244,,1032.670775,981.041719,234708992,0,0.9875,HEURISTIC_NOT_FOUND,8834.115339,0,0.882,HEURISTIC_NOT_FOUND,6604.598525,,,,,,,l_sw0025_sw0027,,,,,,False,E_NOT_RESCUED,False,all-reroute,S7,,,2000,,False
14,0.007,,1017.147677,979.021241,234790912,0,0.9995,HEURISTIC_NOT_FOUND,8676.92541,0,0.9975,HEURISTIC_NOT_FOUND,6855.982399,,,,,,,l_sw0046_sw0047,,,,,,False,E_NOT_RESCUED,False,all-reroute,S7,,,2000,,False
528,0.264,,1014.965458,1006.718775,236077056,0,0.998,HEURISTIC_NOT_FOUND,8744.856977,0,0.882,HEURISTIC_NOT_FOUND,6567.712384,,,,,,,l_sw0047_sw0049,,,,,,False,E_NOT_RESCUED,False,all-reroute,S7,,,2000,,False
497,0.2485,,1016.552552,1008.465275,238981120,0,0.9975,HEURISTIC_NOT_FOUND,8794.740177,0,0.881,HEURISTIC_NOT_FOUND,6496.67885,,,,,,,l_sw0065_sw0067,,,,,,False,E_NOT_RESCUED,False,all-reroute,S7,,,2000,,False
23,0.0115,0,0,963.015329,232816640,2000,1.0,SUCCESS_H2S,4508.155129,0,0.99,HEURISTIC_NOT_FOUND,7110.164236,23,278,0.139,255,0.12898330804248861,0.12898330804248861,l_sw0066_sw0067,-263,28,-0.9460431654676259,8,4,True,C_RESCUED_WITH_MODERATE_RELAXATION,True,all-reroute,S7,172912,172649,2000,1722,True
490,0.245,,1000.633745,975.763214,238657536,0,0.9975,HEURISTIC_NOT_FOUND,8701.829812,0,0.8695,HEURISTIC_NOT_FOUND,6417.407743,,,,,,,l_sw0095_sw0097,,,,,,False,E_NOT_RESCUED,False,all-reroute,S7,,,2000,,False
8,0.004,,1000.573827,944.561922,235798528,0,0.9975,HEURISTIC_NOT_FOUND,8852.969739,0,0.999,HEURISTIC_NOT_FOUND,6817.144938,,,,,,,l_sw0096_sw0097,,,,,,False,E_NOT_RESCUED,False,all-reroute,S7,,,2000,,False
494,0.247,0,0,952.258018,238526464,2000,1.0,SUCCESS_H2S,4557.212167,0,0.87,HEURISTIC_NOT_FOUND,6513.651232,494,1183,0.5915,689,0.45750332005312083,0.45750332005312083,l_sw0121_sw0123,3888,77,3.286559594251902,17,1,True,D_RESCUED_WITH_GLOBAL_RELAXATION,True,all-reroute,S7,172912,176800,2000,817,True
2,0.001,0,0,975.702046,232304640,2000,1.0,SUCCESS_H2S,4506.121658,0,0.9985,HEURISTIC_NOT_FOUND,6792.094597,2,373,0.1865,371,0.1856856856856857,0.1856856856856857,l_sw0133_sw0134,-299,71,-0.8016085790884718,8,6,True,C_RESCUED_WITH_MODERATE_RELAXATION,True,all-reroute,S7,172912,172613,2000,1627,True
494,0.247,,1004.44336,1009.375797,236355584,0,0.999,HEURISTIC_NOT_FOUND,8651.071479,0,0.8765,HEURISTIC_NOT_FOUND,6589.223643,,,,,,,l_sw0151_sw0153,,,,,,False,E_NOT_RESCUED,False,all-reroute,S7,,,2000,,False
10,0.005,0,0,947.114592,233287680,2000,1.0,SUCCESS_H2S,4477.183733,0,0.999,HEURISTIC_NOT_FOUND,6830.764906,10,338,0.169,328,0.16482412060301507,0.16482412060301507,l_sw0153_sw0154,103,68,0.3047337278106509,10,7,True,C_RESCUED_WITH_MODERATE_RELAXATION,True,all-reroute,S7,172912,173015,2000,1662,True
485,0.2425,,1024.324993,989.314063,238256128,0,0.9995,HEURISTIC_NOT_FOUND,8666.372159,0,0.88,HEURISTIC_NOT_FOUND,6518.103498,,,,,,,l_sw0158_sw0160,,,,,,False,E_NOT_RESCUED,False,all-reroute,S7,,,2000,,False
10,0.005,,1018.011994,972.519276,239030272,0,0.9995,HEURISTIC_NOT_FOUND,8813.013564,0,0.9995,HEURISTIC_NOT_FOUND,6871.879661,,,,,,,l_sw0160_sw0161,,,,,,False,E_NOT_RESCUED,False,all-reroute,S7,,,2000,,False
477,0.2385,,1000.557896,958.027717,236101632,0,0.9935,HEURISTIC_NOT_FOUND,8699.627442,0,0.874,HEURISTIC_NOT_FOUND,6421.475515,,,,,,,l_sw0167_sw0169,,,,,,False,E_NOT_RESCUED,False,all-reroute,S7,,,2000,,False
4,0.002,0,0,958.363623,233529344,2000,1.0,SUCCESS_H2S,4549.37897,0,0.995,HEURISTIC_NOT_FOUND,6813.75914,4,259,0.1295,255,0.12775551102204408,0.12775551102204408,l_sw0169_sw0170,186,71,0.7181467181467182,8,5,True,C_RESCUED_WITH_MODERATE_RELAXATION,True,all-reroute,S7,172912,173098,2000,1741,True
512,0.256,,1012.491843,986.34459,236232704,0,0.9955,HEURISTIC_NOT_FOUND,8694.547474,0,0.8835,HEURISTIC_NOT_FOUND,6551.927379,,,,,,,l_sw0207_sw0209,,,,,,False,E_NOT_RESCUED,False,all-reroute,S7,,,2000,,False
481,0.2405,,1004.179916,1007.498908,238280704,0,0.997,HEURISTIC_NOT_FOUND,8846.941828,0,0.8765,HEURISTIC_NOT_FOUND,6513.093471,,,,,,,l_sw0210_sw0212,,,,,,False,E_NOT_RESCUED,False,all-reroute,S7,,,2000,,False
9,0.0045,0,0,994.821639,233222144,2000,1.0,SUCCESS_H2S,4495.78211,0,0.9995,HEURISTIC_NOT_FOUND,6803.34897,9,342,0.171,333,0.16725263686589653,0.16725263686589653,l_sw0216_sw0217,362,74,1.0584795321637428,11,2,True,C_RESCUED_WITH_MODERATE_RELAXATION,True,all-reroute,S7,172912,173274,2000,1658,True
507,0.2535,0,0,985.168444,238268416,2000,1.0,SUCCESS_H2S,4591.769417,0,0.8875,HEURISTIC_NOT_FOUND,6646.422031,507,1136,0.568,629,0.4212993971868721,0.4212993971868721,l_sw0228_sw0230,3642,82,3.2059859154929575,17,1,True,D_RESCUED_WITH_GLOBAL_RELAXATION,True,all-reroute,S7,172912,176554,2000,864,True
474,0.237,,1035.088888,992.701669,237326336,0,0.9995,HEURISTIC_NOT_FOUND,8757.961334,0,0.8785,HEURISTIC_NOT_FOUND,6870.507164,,,,,,,l_sw0231_sw0233,,,,,,False,E_NOT_RESCUED,False,all-reroute,S7,,,2000,,False
467,0.2335,,1011.865733,958.514835,237850624,0,0.999,HEURISTIC_NOT_FOUND,8642.893224,0,0.8795,HEURISTIC_NOT_FOUND,6612.914754,,,,,,,l_sw0259_sw0261,,,,,,False,E_NOT_RESCUED,False,all-reroute,S7,,,2000,,False
6,0.003,0,0,984.702911,233484288,2000,1.0,SUCCESS_H2S,4540.763584,0,0.999,HEURISTIC_NOT_FOUND,6777.651055,6,160,0.08,154,0.07723169508525576,0.07723169508525576,l_sw0260_sw0261,190,70,1.1875,14,1,True,C_RESCUED_WITH_MODERATE_RELAXATION,True,all-reroute,S7,172912,173102,2000,1840,True
470,0.235,,1041.038128,993.725269,238145536,0,0.996,HEURISTIC_NOT_FOUND,8726.140077,0,0.8885,HEURISTIC_NOT_FOUND,6598.258796,,,,,,,l_sw0263_sw0265,,,,,,False,E_NOT_RESCUED,False,all-reroute,S7,,,2000,,False
483,0.2415,,1003.917018,998.983312,236220416,0,0.9965,HEURISTIC_NOT_FOUND,8751.751457,0,0.875,HEURISTIC_NOT_FOUND,6543.480567,,,,,,,l_sw0285_sw0287,,,,,,False,E_NOT_RESCUED,False,all-reroute,S7,,,2000,,False
4,0.002,,1004.542171,956.417281,233304064,0,0.999,HEURISTIC_NOT_FOUND,8473.086141,0,0.999,HEURISTIC_NOT_FOUND,6780.003361,,,,,,,l_sw0293_sw0294,,,,,,False,E_NOT_RESCUED,False,all-reroute,S7,,,2000,,False
479,0.2395,,1003.600759,978.025487,233902080,0,0.986,HEURISTIC_NOT_FOUND,8852.225822,0,0.8845,HEURISTIC_NOT_FOUND,6582.7868,,,,,,,l_sw0331_sw0333,,,,,,False,E_NOT_RESCUED,False,all-reroute,S7,,,2000,,False
11,0.0055,0,0,959.013898,233332736,2000,1.0,SUCCESS_H2S,4514.542231,0,0.9915,HEURISTIC_NOT_FOUND,6919.941061,11,261,0.1305,250,0.1256913021618904,0.1256913021618904,l_sw0334_sw0335,259,74,0.9923371647509579,15,9,True,C_RESCUED_WITH_MODERATE_RELAXATION,True,all-reroute,S7,172912,173171,2000,1739,True
503,0.2515,,1019.655042,982.841119,237383680,0,0.999,HEURISTIC_NOT_FOUND,8657.297695,0,0.884,HEURISTIC_NOT_FOUND,6585.377952,,,,,,,l_sw0336_sw0338,,,,,,False,E_NOT_RESCUED,False,all-reroute,S7,,,2000,,False
