affected_route_unchanged_count,changed_affected_flow_count,changed_route_flow_count,changed_route_flow_ratio,changed_unaffected_flow_count,changed_unaffected_flow_ratio,extra_unaffected_reroute_fraction,fault_id,hop_delta_total,max_hop_delta,mean_hop_delta_per_changed_flow,new_physical_links_used,p0_route_links_abandoned,rescue_class,scenario_id,total_p0_hops,total_pf_hops,unaffected_route_unchanged_count
0,262,313,0.313,51,0.06910569105691057,0.06910569105691057,l_sw0011_sw0013,255,3,0.8146964856230032,19,10,C_RESCUED_WITH_MODERATE_RELAXATION,F150_TT1000,16578,16833,687
0,259,312,0.312,53,0.07152496626180836,0.07152496626180836,l_sw0015_sw0017,246,1,0.7884615384615384,18,10,C_RESCUED_WITH_MODERATE_RELAXATION,F150_TT1000,16578,16824,688
0,254,300,0.3,46,0.06166219839142091,0.06166219839142091,l_sw0019_sw0021,255,3,0.85,19,7,C_RESCUED_WITH_MODERATE_RELAXATION,F150_TT1000,16578,16833,700
0,255,305,0.305,50,0.06711409395973154,0.06711409395973154,l_sw0027_sw0029,256,2,0.839344262295082,19,7,C_RESCUED_WITH_MODERATE_RELAXATION,F150_TT1000,16578,16834,695
0,260,306,0.306,46,0.062162162162162166,0.062162162162162166,l_sw0031_sw0033,255,3,0.8333333333333334,16,7,C_RESCUED_WITH_MODERATE_RELAXATION,F150_TT1000,16578,16833,694
0,261,306,0.306,45,0.06089309878213803,0.06089309878213803,l_sw0041_sw0043,252,2,0.8235294117647058,16,8,C_RESCUED_WITH_MODERATE_RELAXATION,F150_TT1000,16578,16830,694
0,256,300,0.3,44,0.05913978494623656,0.05913978494623656,l_sw0057_sw0059,249,2,0.83,13,3,C_RESCUED_WITH_MODERATE_RELAXATION,F150_TT1000,16578,16827,700
0,256,305,0.305,49,0.06586021505376344,0.06586021505376344,l_sw0069_sw0071,240,1,0.7868852459016393,13,8,C_RESCUED_WITH_MODERATE_RELAXATION,F150_TT1000,16578,16818,695
0,255,308,0.308,53,0.07114093959731543,0.07114093959731543,l_sw0079_sw0081,252,3,0.8181818181818182,15,9,C_RESCUED_WITH_MODERATE_RELAXATION,F150_TT1000,16578,16830,692
0,259,313,0.313,54,0.0728744939271255,0.0728744939271255,l_sw0081_sw0083,251,1,0.8019169329073482,15,8,C_RESCUED_WITH_MODERATE_RELAXATION,F150_TT1000,16578,16829,687
0,243,261,0.348,18,0.03550295857988166,0.03550295857988166,l_sw0037_sw0039,239,1,0.9157088122605364,30,8,B_RESCUED_WITH_SMALL_RELAXATION,F150_TT750,14273,14512,489
0,118,212,0.424,94,0.24607329842931938,0.24607329842931938,l_sw0008_sw0010,51,2,0.24056603773584906,24,33,D_RESCUED_WITH_GLOBAL_RELAXATION,S4,20453,20504,288
0,108,190,0.38,82,0.20918367346938777,0.20918367346938777,l_sw0114_sw0116,44,2,0.23157894736842105,26,36,D_RESCUED_WITH_GLOBAL_RELAXATION,S4,20453,20497,310
0,118,204,0.408,86,0.225130890052356,0.225130890052356,l_sw0149_sw0151,60,2,0.29411764705882354,26,29,D_RESCUED_WITH_GLOBAL_RELAXATION,S4,20453,20513,296
0,116,186,0.372,70,0.18229166666666666,0.18229166666666666,l_sw0151_sw0153,58,2,0.3118279569892473,22,32,C_RESCUED_WITH_MODERATE_RELAXATION,S4,20453,20511,314
0,125,196,0.392,71,0.18933333333333333,0.18933333333333333,l_sw0159_sw0161,58,2,0.29591836734693877,27,31,C_RESCUED_WITH_MODERATE_RELAXATION,S4,20453,20511,304
0,121,211,0.422,90,0.23746701846965698,0.23746701846965698,l_sw0161_sw0163,61,2,0.2890995260663507,28,34,D_RESCUED_WITH_GLOBAL_RELAXATION,S4,20453,20514,289
0,114,212,0.424,98,0.2538860103626943,0.2538860103626943,l_sw0164_sw0166,62,2,0.29245283018867924,19,26,D_RESCUED_WITH_GLOBAL_RELAXATION,S4,20453,20515,288
0,122,191,0.382,69,0.18253968253968253,0.18253968253968253,l_sw0165_sw0167,58,2,0.3036649214659686,28,36,C_RESCUED_WITH_MODERATE_RELAXATION,S4,20453,20511,309
0,220,396,0.396,176,0.22564102564102564,0.22564102564102564,l_sw0001_sw0003,447,12,1.128787878787879,35,18,D_RESCUED_WITH_GLOBAL_RELAXATION,S5,37528,37975,604
0,212,377,0.377,165,0.20939086294416243,0.20939086294416243,l_sw0003_sw0005,429,15,1.1379310344827587,29,12,D_RESCUED_WITH_GLOBAL_RELAXATION,S5,37528,37957,623
0,221,408,0.408,187,0.24005134788189988,0.24005134788189988,l_sw0010_sw0012,586,19,1.4362745098039216,35,13,D_RESCUED_WITH_GLOBAL_RELAXATION,S5,37528,38114,592
0,211,405,0.405,194,0.2458808618504436,0.2458808618504436,l_sw0019_sw0021,510,21,1.2592592592592593,30,17,D_RESCUED_WITH_GLOBAL_RELAXATION,S5,37528,38038,595
0,216,423,0.423,207,0.26403061224489793,0.26403061224489793,l_sw0021_sw0023,383,15,0.9054373522458629,26,15,D_RESCUED_WITH_GLOBAL_RELAXATION,S5,37528,37911,577
0,196,379,0.379,183,0.22761194029850745,0.22761194029850745,l_sw0041_sw0043,345,13,0.9102902374670184,25,9,D_RESCUED_WITH_GLOBAL_RELAXATION,S5,37528,37873,621
0,197,407,0.407,210,0.261519302615193,0.261519302615193,l_sw0047_sw0049,329,17,0.8083538083538083,31,13,D_RESCUED_WITH_GLOBAL_RELAXATION,S5,37528,37857,593
0,208,405,0.405,197,0.24873737373737373,0.24873737373737373,l_sw0059_sw0061,406,21,1.002469135802469,28,13,D_RESCUED_WITH_GLOBAL_RELAXATION,S5,37528,37934,595
0,194,367,0.367,173,0.21464019851116625,0.21464019851116625,l_sw0062_sw0064,474,19,1.2915531335149864,29,14,D_RESCUED_WITH_GLOBAL_RELAXATION,S5,37528,38002,633
0,207,394,0.394,187,0.23581336696090793,0.23581336696090793,l_sw0074_sw0076,331,10,0.8401015228426396,36,13,D_RESCUED_WITH_GLOBAL_RELAXATION,S5,37528,37859,606
0,187,373,0.373,186,0.22878228782287824,0.22878228782287824,l_sw0079_sw0081,349,13,0.935656836461126,27,17,D_RESCUED_WITH_GLOBAL_RELAXATION,S5,37528,37877,627
0,214,393,0.393,179,0.227735368956743,0.227735368956743,l_sw0080_sw0082,496,19,1.262086513994911,33,12,D_RESCUED_WITH_GLOBAL_RELAXATION,S5,37528,38024,607
0,3,31,0.031,28,0.028084252758274825,0.028084252758274825,l_sw0094_sw0095,2,4,0.06451612903225806,2,6,B_RESCUED_WITH_SMALL_RELAXATION,S5,37528,37530,969
0,202,381,0.381,179,0.22431077694235588,0.22431077694235588,l_sw0094_sw0096,301,9,0.7900262467191601,28,14,D_RESCUED_WITH_GLOBAL_RELAXATION,S5,37528,37829,619
0,200,377,0.377,177,0.22125,0.22125,l_sw0100_sw0102,298,6,0.7904509283819628,28,18,D_RESCUED_WITH_GLOBAL_RELAXATION,S5,37528,37826,623
0,198,349,0.349,151,0.1882793017456359,0.1882793017456359,l_sw0103_sw0105,446,19,1.2779369627507164,35,16,C_RESCUED_WITH_MODERATE_RELAXATION,S5,37528,37974,651
0,197,352,0.352,155,0.1930261519302615,0.1930261519302615,l_sw0113_sw0115,437,17,1.2414772727272727,33,14,C_RESCUED_WITH_MODERATE_RELAXATION,S5,37528,37965,648
0,206,357,0.357,151,0.190176322418136,0.190176322418136,l_sw0118_sw0120,318,11,0.8907563025210085,32,8,C_RESCUED_WITH_MODERATE_RELAXATION,S5,37528,37846,643
0,199,382,0.382,183,0.22846441947565543,0.22846441947565543,l_sw0148_sw0150,453,17,1.1858638743455496,41,15,D_RESCUED_WITH_GLOBAL_RELAXATION,S5,37528,37981,618
0,209,366,0.366,157,0.19848293299620734,0.19848293299620734,l_sw0152_sw0154,387,13,1.0573770491803278,34,10,C_RESCUED_WITH_MODERATE_RELAXATION,S5,37528,37915,634
0,210,376,0.376,166,0.21012658227848102,0.21012658227848102,l_sw0154_sw0156,395,13,1.050531914893617,33,14,D_RESCUED_WITH_GLOBAL_RELAXATION,S5,37528,37923,624
0,217,398,0.398,181,0.23116219667943805,0.23116219667943805,l_sw0161_sw0163,500,17,1.256281407035176,31,11,D_RESCUED_WITH_GLOBAL_RELAXATION,S5,37528,38028,602
0,203,375,0.375,172,0.21580928481806774,0.21580928481806774,l_sw0164_sw0166,381,13,1.016,34,15,D_RESCUED_WITH_GLOBAL_RELAXATION,S5,37528,37909,625
0,224,403,0.403,179,0.23067010309278352,0.23067010309278352,l_sw0167_sw0169,454,17,1.1265508684863523,34,19,D_RESCUED_WITH_GLOBAL_RELAXATION,S5,37528,37982,597
0,205,387,0.387,182,0.2289308176100629,0.2289308176100629,l_sw0168_sw0170,386,12,0.9974160206718347,35,14,D_RESCUED_WITH_GLOBAL_RELAXATION,S5,37528,37914,613
0,2,63,0.063,61,0.061122244488977955,0.061122244488977955,l_sw0001_sw0340,1,10,0.015873015873015872,15,14,C_RESCUED_WITH_MODERATE_RELAXATION,S6,83727,83728,937
0,234,541,0.541,307,0.4007832898172324,0.4007832898172324,l_sw0012_sw0014,526,13,0.9722735674676525,100,25,D_RESCUED_WITH_GLOBAL_RELAXATION,S6,83727,84253,459
0,236,508,0.508,272,0.35602094240837695,0.35602094240837695,l_sw0016_sw0018,630,15,1.2401574803149606,91,28,D_RESCUED_WITH_GLOBAL_RELAXATION,S6,83727,84357,492
0,240,485,0.485,245,0.3223684210526316,0.3223684210526316,l_sw0024_sw0026,519,12,1.0701030927835051,98,26,D_RESCUED_WITH_GLOBAL_RELAXATION,S6,83727,84246,515
0,231,526,0.526,295,0.3836150845253576,0.3836150845253576,l_sw0032_sw0034,438,12,0.8326996197718631,94,28,D_RESCUED_WITH_GLOBAL_RELAXATION,S6,83727,84165,474
0,243,487,0.487,244,0.32232496697490093,0.32232496697490093,l_sw0039_sw0041,351,13,0.7207392197125256,95,27,D_RESCUED_WITH_GLOBAL_RELAXATION,S6,83727,84078,513
0,229,514,0.514,285,0.36964980544747084,0.36964980544747084,l_sw0055_sw0057,369,15,0.7178988326848249,92,25,D_RESCUED_WITH_GLOBAL_RELAXATION,S6,83727,84096,486
0,5,27,0.027,22,0.022110552763819097,0.022110552763819097,l_sw0066_sw0067,-9,2,-0.3333333333333333,6,10,B_RESCUED_WITH_SMALL_RELAXATION,S6,83727,83718,973
0,242,522,0.522,280,0.36939313984168864,0.36939313984168864,l_sw0067_sw0069,508,13,0.9731800766283525,99,25,D_RESCUED_WITH_GLOBAL_RELAXATION,S6,83727,84235,478
0,234,528,0.528,294,0.3838120104438642,0.3838120104438642,l_sw0076_sw0078,409,12,0.7746212121212122,92,27,D_RESCUED_WITH_GLOBAL_RELAXATION,S6,83727,84136,472
0,239,509,0.509,270,0.354796320630749,0.354796320630749,l_sw0080_sw0082,420,12,0.825147347740668,97,21,D_RESCUED_WITH_GLOBAL_RELAXATION,S6,83727,84147,491
0,235,510,0.51,275,0.35947712418300654,0.35947712418300654,l_sw0081_sw0083,455,13,0.8921568627450981,93,34,D_RESCUED_WITH_GLOBAL_RELAXATION,S6,83727,84182,490
0,229,506,0.506,277,0.35927367055771725,0.35927367055771725,l_sw0087_sw0089,474,11,0.9367588932806324,95,30,D_RESCUED_WITH_GLOBAL_RELAXATION,S6,83727,84201,494
0,6,95,0.095,89,0.08953722334004025,0.08953722334004025,l_sw0089_sw0090,-40,7,-0.42105263157894735,13,18,C_RESCUED_WITH_MODERATE_RELAXATION,S6,83727,83687,905
0,249,488,0.488,239,0.3182423435419441,0.3182423435419441,l_sw0090_sw0092,364,9,0.7459016393442623,100,19,D_RESCUED_WITH_GLOBAL_RELAXATION,S6,83727,84091,512
0,246,481,0.481,235,0.3116710875331565,0.3116710875331565,l_sw0096_sw0098,371,13,0.7713097713097713,83,23,D_RESCUED_WITH_GLOBAL_RELAXATION,S6,83727,84098,519
0,237,491,0.491,254,0.3328964613368283,0.3328964613368283,l_sw0130_sw0132,360,11,0.7331975560081466,95,21,D_RESCUED_WITH_GLOBAL_RELAXATION,S6,83727,84087,509
0,238,550,0.55,312,0.4094488188976378,0.4094488188976378,l_sw0148_sw0150,446,13,0.8109090909090909,107,22,D_RESCUED_WITH_GLOBAL_RELAXATION,S6,83727,84173,450
0,244,523,0.523,279,0.36904761904761907,0.36904761904761907,l_sw0152_sw0154,477,13,0.9120458891013384,103,19,D_RESCUED_WITH_GLOBAL_RELAXATION,S6,83727,84204,477
0,261,519,0.519,258,0.3491204330175913,0.3491204330175913,l_sw0171_sw0173,380,10,0.7321772639691715,95,19,D_RESCUED_WITH_GLOBAL_RELAXATION,S6,83727,84107,481
0,221,485,0.485,264,0.33889602053915274,0.33889602053915274,l_sw0172_sw0174,506,11,1.043298969072165,90,18,D_RESCUED_WITH_GLOBAL_RELAXATION,S6,83727,84233,515
0,245,478,0.478,233,0.3086092715231788,0.3086092715231788,l_sw0179_sw0181,374,10,0.7824267782426778,90,24,D_RESCUED_WITH_GLOBAL_RELAXATION,S6,83727,84101,522
0,227,480,0.48,253,0.32729624838292365,0.32729624838292365,l_sw0206_sw0208,562,13,1.1708333333333334,89,24,D_RESCUED_WITH_GLOBAL_RELAXATION,S6,83727,84289,520
0,240,484,0.484,244,0.32105263157894737,0.32105263157894737,l_sw0220_sw0222,569,13,1.1756198347107438,84,33,D_RESCUED_WITH_GLOBAL_RELAXATION,S6,83727,84296,516
0,241,481,0.481,240,0.31620553359683795,0.31620553359683795,l_sw0228_sw0230,476,13,0.9896049896049897,80,31,D_RESCUED_WITH_GLOBAL_RELAXATION,S6,83727,84203,519
0,233,491,0.491,258,0.3363754889178618,0.3363754889178618,l_sw0240_sw0242,513,12,1.044806517311609,94,24,D_RESCUED_WITH_GLOBAL_RELAXATION,S6,83727,84240,509
0,232,498,0.498,266,0.3463541666666667,0.3463541666666667,l_sw0257_sw0259,534,13,1.072289156626506,90,25,D_RESCUED_WITH_GLOBAL_RELAXATION,S6,83727,84261,502
0,250,484,0.484,234,0.312,0.312,l_sw0277_sw0279,646,13,1.334710743801653,90,23,D_RESCUED_WITH_GLOBAL_RELAXATION,S6,83727,84373,516
0,247,508,0.508,261,0.3466135458167331,0.3466135458167331,l_sw0305_sw0307,599,13,1.1791338582677164,95,23,D_RESCUED_WITH_GLOBAL_RELAXATION,S6,83727,84326,492
0,242,536,0.536,294,0.38786279683377306,0.38786279683377306,l_sw0331_sw0333,487,13,0.9085820895522388,98,31,D_RESCUED_WITH_GLOBAL_RELAXATION,S6,83727,84214,464
0,9,311,0.1555,302,0.15168257157207435,0.15168257157207435,l_sw0024_sw0025,-28,70,-0.09003215434083602,13,6,C_RESCUED_WITH_MODERATE_RELAXATION,S7,172912,172884,1689
0,23,278,0.139,255,0.12898330804248861,0.12898330804248861,l_sw0066_sw0067,-263,28,-0.9460431654676259,8,4,C_RESCUED_WITH_MODERATE_RELAXATION,S7,172912,172649,1722
0,494,1183,0.5915,689,0.45750332005312083,0.45750332005312083,l_sw0121_sw0123,3888,77,3.286559594251902,17,1,D_RESCUED_WITH_GLOBAL_RELAXATION,S7,172912,176800,817
0,2,373,0.1865,371,0.1856856856856857,0.1856856856856857,l_sw0133_sw0134,-299,71,-0.8016085790884718,8,6,C_RESCUED_WITH_MODERATE_RELAXATION,S7,172912,172613,1627
0,10,338,0.169,328,0.16482412060301507,0.16482412060301507,l_sw0153_sw0154,103,68,0.3047337278106509,10,7,C_RESCUED_WITH_MODERATE_RELAXATION,S7,172912,173015,1662
0,4,259,0.1295,255,0.12775551102204408,0.12775551102204408,l_sw0169_sw0170,186,71,0.7181467181467182,8,5,C_RESCUED_WITH_MODERATE_RELAXATION,S7,172912,173098,1741
0,9,342,0.171,333,0.16725263686589653,0.16725263686589653,l_sw0216_sw0217,362,74,1.0584795321637428,11,2,C_RESCUED_WITH_MODERATE_RELAXATION,S7,172912,173274,1658
0,507,1136,0.568,629,0.4212993971868721,0.4212993971868721,l_sw0228_sw0230,3642,82,3.2059859154929575,17,1,D_RESCUED_WITH_GLOBAL_RELAXATION,S7,172912,176554,864
0,6,160,0.08,154,0.07723169508525576,0.07723169508525576,l_sw0260_sw0261,190,70,1.1875,14,1,C_RESCUED_WITH_MODERATE_RELAXATION,S7,172912,173102,1840
0,11,261,0.1305,250,0.1256913021618904,0.1256913021618904,l_sw0334_sw0335,259,74,0.9923371647509579,15,9,C_RESCUED_WITH_MODERATE_RELAXATION,S7,172912,173171,1739
