affected_flow_ratio,affected_ratio_bin,changed_unaffected_flow_count,fault_id,pearson_affected_ratio_rescued,rescued,scenario_id,spearman_affected_ratio_rescued
0.262,1,51,l_sw0011_sw0013,,1,F150_TT1000,
0.259,1,53,l_sw0015_sw0017,,1,F150_TT1000,
0.254,1,46,l_sw0019_sw0021,,1,F150_TT1000,
0.255,1,50,l_sw0027_sw0029,,1,F150_TT1000,
0.26,1,46,l_sw0031_sw0033,,1,F150_TT1000,
0.261,1,45,l_sw0041_sw0043,,1,F150_TT1000,
0.256,1,44,l_sw0057_sw0059,,1,F150_TT1000,
0.256,1,49,l_sw0069_sw0071,,1,F150_TT1000,
0.255,1,53,l_sw0079_sw0081,,1,F150_TT1000,
0.259,1,54,l_sw0081_sw0083,,1,F150_TT1000,
0.324,1,18,l_sw0037_sw0039,,1,F150_TT750,
0.236,1,94,l_sw0008_sw0010,,1,S4,
0.216,1,82,l_sw0114_sw0116,,1,S4,
0.236,1,86,l_sw0149_sw0151,,1,S4,
0.232,1,70,l_sw0151_sw0153,,1,S4,
0.25,1,71,l_sw0159_sw0161,,1,S4,
0.242,1,90,l_sw0161_sw0163,,1,S4,
0.228,1,98,l_sw0164_sw0166,,1,S4,
0.244,1,69,l_sw0165_sw0167,,1,S4,
0.22,1,176,l_sw0001_sw0003,,1,S5,
0.212,1,165,l_sw0003_sw0005,,1,S5,
0.221,1,187,l_sw0010_sw0012,,1,S5,
0.211,1,194,l_sw0019_sw0021,,1,S5,
0.216,1,207,l_sw0021_sw0023,,1,S5,
0.196,0,183,l_sw0041_sw0043,,1,S5,
0.197,0,210,l_sw0047_sw0049,,1,S5,
0.208,1,197,l_sw0059_sw0061,,1,S5,
0.194,0,173,l_sw0062_sw0064,,1,S5,
0.207,1,187,l_sw0074_sw0076,,1,S5,
0.187,0,186,l_sw0079_sw0081,,1,S5,
0.214,1,179,l_sw0080_sw0082,,1,S5,
0.003,0,28,l_sw0094_sw0095,,1,S5,
0.202,1,179,l_sw0094_sw0096,,1,S5,
0.2,1,177,l_sw0100_sw0102,,1,S5,
0.198,0,151,l_sw0103_sw0105,,1,S5,
0.197,0,155,l_sw0113_sw0115,,1,S5,
0.206,1,151,l_sw0118_sw0120,,1,S5,
0.199,0,183,l_sw0148_sw0150,,1,S5,
0.209,1,157,l_sw0152_sw0154,,1,S5,
0.21,1,166,l_sw0154_sw0156,,1,S5,
0.217,1,181,l_sw0161_sw0163,,1,S5,
0.203,1,172,l_sw0164_sw0166,,1,S5,
0.224,1,179,l_sw0167_sw0169,,1,S5,
0.205,1,182,l_sw0168_sw0170,,1,S5,
0.002,0,61,l_sw0001_sw0340,,1,S6,
0.234,1,307,l_sw0012_sw0014,,1,S6,
0.236,1,272,l_sw0016_sw0018,,1,S6,
0.24,1,245,l_sw0024_sw0026,,1,S6,
0.231,1,295,l_sw0032_sw0034,,1,S6,
0.243,1,244,l_sw0039_sw0041,,1,S6,
0.229,1,285,l_sw0055_sw0057,,1,S6,
0.005,0,22,l_sw0066_sw0067,,1,S6,
0.242,1,280,l_sw0067_sw0069,,1,S6,
0.234,1,294,l_sw0076_sw0078,,1,S6,
0.239,1,270,l_sw0080_sw0082,,1,S6,
0.235,1,275,l_sw0081_sw0083,,1,S6,
0.229,1,277,l_sw0087_sw0089,,1,S6,
0.006,0,89,l_sw0089_sw0090,,1,S6,
0.249,1,239,l_sw0090_sw0092,,1,S6,
0.246,1,235,l_sw0096_sw0098,,1,S6,
0.237,1,254,l_sw0130_sw0132,,1,S6,
0.238,1,312,l_sw0148_sw0150,,1,S6,
0.244,1,279,l_sw0152_sw0154,,1,S6,
0.261,1,258,l_sw0171_sw0173,,1,S6,
0.221,1,264,l_sw0172_sw0174,,1,S6,
0.245,1,233,l_sw0179_sw0181,,1,S6,
0.227,1,253,l_sw0206_sw0208,,1,S6,
0.24,1,244,l_sw0220_sw0222,,1,S6,
0.241,1,240,l_sw0228_sw0230,,1,S6,
0.233,1,258,l_sw0240_sw0242,,1,S6,
0.232,1,266,l_sw0257_sw0259,,1,S6,
0.25,1,234,l_sw0277_sw0279,,1,S6,
0.247,1,261,l_sw0305_sw0307,,1,S6,
0.242,1,294,l_sw0331_sw0333,,1,S6,
0.246,1,0,l_sw0007_sw0009,,0,S7,
0.2505,1,0,l_sw0019_sw0021,,0,S7,
0.2495,1,0,l_sw0023_sw0025,,0,S7,
0.0045,0,302,l_sw0024_sw0025,,1,S7,
0.244,1,0,l_sw0025_sw0027,,0,S7,
0.007,0,0,l_sw0046_sw0047,,0,S7,
0.264,1,0,l_sw0047_sw0049,,0,S7,
0.2485,1,0,l_sw0065_sw0067,,0,S7,
0.0115,0,255,l_sw0066_sw0067,,1,S7,
0.245,1,0,l_sw0095_sw0097,,0,S7,
0.004,0,0,l_sw0096_sw0097,,0,S7,
0.247,1,689,l_sw0121_sw0123,,1,S7,
0.001,0,371,l_sw0133_sw0134,,1,S7,
0.247,1,0,l_sw0151_sw0153,,0,S7,
0.005,0,328,l_sw0153_sw0154,,1,S7,
0.2425,1,0,l_sw0158_sw0160,,0,S7,
0.005,0,0,l_sw0160_sw0161,,0,S7,
0.2385,1,0,l_sw0167_sw0169,,0,S7,
0.002,0,255,l_sw0169_sw0170,,1,S7,
0.256,1,0,l_sw0207_sw0209,,0,S7,
0.2405,1,0,l_sw0210_sw0212,,0,S7,
0.0045,0,333,l_sw0216_sw0217,,1,S7,
0.2535,1,629,l_sw0228_sw0230,,1,S7,
0.237,1,0,l_sw0231_sw0233,,0,S7,
0.2335,1,0,l_sw0259_sw0261,,0,S7,
0.003,0,154,l_sw0260_sw0261,,1,S7,
0.235,1,0,l_sw0263_sw0265,,0,S7,
0.2415,1,0,l_sw0285_sw0287,,0,S7,
0.002,0,0,l_sw0293_sw0294,,0,S7,
0.2395,1,0,l_sw0331_sw0333,,0,S7,
0.0055,0,250,l_sw0334_sw0335,,1,S7,
0.2515,1,0,l_sw0336_sw0338,,0,S7,
,,,ASSOCIATION,-0.009720153478156683,,ALL,-0.17639664580413938
