scenario,mode,fault_id,flow_id,sequence,send_time_s,receive_time_s,delay_s,deadline_e2e_s,received,deadline_met,phase
mesh10,offline-per-failure,l_sw2_sw5,TT1,0,0,5.2752e-05,5.2752e-05,0.0009,True,True,pre_fault
mesh10,offline-per-failure,l_sw2_sw5,TT1,1,0.001,0.001054912,5.4912e-05,0.0009,True,True,pre_fault
mesh10,offline-per-failure,l_sw2_sw5,TT1,2,0.002,0.002054912,5.4912e-05,0.0009,True,True,pre_fault
mesh10,offline-per-failure,l_sw2_sw5,TT1,3,0.003,0.003054912,5.4912e-05,0.0009,True,True,pre_fault
mesh10,offline-per-failure,l_sw2_sw5,TT1,4,0.004,0.004054912,5.4912e-05,0.0009,True,True,pre_fault
mesh10,offline-per-failure,l_sw2_sw5,TT1,5,0.005,0.005054912,5.4912e-05,0.0009,True,True,pre_fault
mesh10,offline-per-failure,l_sw2_sw5,TT1,6,0.006,0.006054912,5.4912e-05,0.0009,True,True,pre_fault
mesh10,offline-per-failure,l_sw2_sw5,TT1,7,0.007,0.007054912,5.4912e-05,0.0009,True,True,pre_fault
mesh10,offline-per-failure,l_sw2_sw5,TT1,8,0.008,,,0.0009,False,False,outage
mesh10,offline-per-failure,l_sw2_sw5,TT1,9,0.009,0.00914016,0.00014016,0.0009,True,True,post_recovery
mesh10,offline-per-failure,l_sw2_sw5,TT1,10,0.01,0.01014016,0.00014016,0.0009,True,True,post_recovery
mesh10,offline-per-failure,l_sw2_sw5,TT1,11,0.011,0.01114016,0.00014016,0.0009,True,True,post_recovery
mesh10,offline-per-failure,l_sw2_sw5,TT1,12,0.012,0.01214016,0.00014016,0.0009,True,True,post_recovery
mesh10,offline-per-failure,l_sw2_sw5,TT1,13,0.013,0.01314016,0.00014016,0.0009,True,True,post_recovery
mesh10,offline-per-failure,l_sw2_sw5,TT1,14,0.014,0.01414016,0.00014016,0.0009,True,True,post_recovery
mesh10,offline-per-failure,l_sw2_sw5,TT1,15,0.015,0.01514016,0.00014016,0.0009,True,True,post_recovery
mesh10,offline-per-failure,l_sw2_sw5,TT1,16,0.016,0.01614016,0.00014016,0.0009,True,True,post_recovery
mesh10,offline-per-failure,l_sw2_sw5,TT1,17,0.017,0.01714016,0.00014016,0.0009,True,True,post_recovery
mesh10,offline-per-failure,l_sw2_sw5,TT1,18,0.018,0.01814016,0.00014016,0.0009,True,True,post_recovery
mesh10,offline-per-failure,l_sw2_sw5,TT1,19,0.019,0.01914016,0.00014016,0.0009,True,True,post_recovery
mesh10,offline-per-failure,l_sw2_sw5,TT1,20,0.02,0.02014016,0.00014016,0.0009,True,True,post_recovery
mesh10,offline-per-failure,l_sw2_sw5,TT1,21,0.021,0.02114016,0.00014016,0.0009,True,True,post_recovery
mesh10,offline-per-failure,l_sw2_sw5,TT1,22,0.022,0.02214016,0.00014016,0.0009,True,True,post_recovery
mesh10,offline-per-failure,l_sw2_sw5,TT1,23,0.023,0.02314016,0.00014016,0.0009,True,True,post_recovery
mesh10,offline-per-failure,l_sw2_sw5,TT1,24,0.024,0.02414016,0.00014016,0.0009,True,True,post_recovery
mesh10,offline-per-failure,l_sw2_sw5,TT1,25,0.025,,,0.0009,False,False,post_recovery
mesh10,offline-per-failure,l_sw2_sw5,TT10,0,0.00018,0.000221328,4.1328e-05,0.00095,True,True,pre_fault
mesh10,offline-per-failure,l_sw2_sw5,TT10,1,0.00118,0.001221328,4.1328e-05,0.00095,True,True,pre_fault
mesh10,offline-per-failure,l_sw2_sw5,TT10,2,0.00218,0.002221328,4.1328e-05,0.00095,True,True,pre_fault
mesh10,offline-per-failure,l_sw2_sw5,TT10,3,0.00318,0.003221328,4.1328e-05,0.00095,True,True,pre_fault
mesh10,offline-per-failure,l_sw2_sw5,TT10,4,0.00418,0.004221328,4.1328e-05,0.00095,True,True,pre_fault
mesh10,offline-per-failure,l_sw2_sw5,TT10,5,0.00518,0.005221328,4.1328e-05,0.00095,True,True,pre_fault
mesh10,offline-per-failure,l_sw2_sw5,TT10,6,0.00618,0.006221328,4.1328e-05,0.00095,True,True,pre_fault
mesh10,offline-per-failure,l_sw2_sw5,TT10,7,0.00718,0.007221328,4.1328e-05,0.00095,True,True,pre_fault
mesh10,offline-per-failure,l_sw2_sw5,TT10,8,0.00818,0.008201328,2.1328e-05,0.00095,True,True,post_recovery
mesh10,offline-per-failure,l_sw2_sw5,TT10,9,0.00918,0.009228328,4.8328e-05,0.00095,True,True,post_recovery
mesh10,offline-per-failure,l_sw2_sw5,TT10,10,0.01018,0.010228328,4.8328e-05,0.00095,True,True,post_recovery
mesh10,offline-per-failure,l_sw2_sw5,TT10,11,0.01118,0.011228328,4.8328e-05,0.00095,True,True,post_recovery
mesh10,offline-per-failure,l_sw2_sw5,TT10,12,0.01218,0.012228328,4.8328e-05,0.00095,True,True,post_recovery
mesh10,offline-per-failure,l_sw2_sw5,TT10,13,0.01318,0.013228328,4.8328e-05,0.00095,True,True,post_recovery
mesh10,offline-per-failure,l_sw2_sw5,TT10,14,0.01418,0.014228328,4.8328e-05,0.00095,True,True,post_recovery
mesh10,offline-per-failure,l_sw2_sw5,TT10,15,0.01518,0.015228328,4.8328e-05,0.00095,True,True,post_recovery
mesh10,offline-per-failure,l_sw2_sw5,TT10,16,0.01618,0.016228328,4.8328e-05,0.00095,True,True,post_recovery
mesh10,offline-per-failure,l_sw2_sw5,TT10,17,0.01718,0.017228328,4.8328e-05,0.00095,True,True,post_recovery
mesh10,offline-per-failure,l_sw2_sw5,TT10,18,0.01818,0.018228328,4.8328e-05,0.00095,True,True,post_recovery
mesh10,offline-per-failure,l_sw2_sw5,TT10,19,0.01918,0.019228328,4.8328e-05,0.00095,True,True,post_recovery
mesh10,offline-per-failure,l_sw2_sw5,TT10,20,0.02018,0.020228328,4.8328e-05,0.00095,True,True,post_recovery
mesh10,offline-per-failure,l_sw2_sw5,TT10,21,0.02118,0.021228328,4.8328e-05,0.00095,True,True,post_recovery
mesh10,offline-per-failure,l_sw2_sw5,TT10,22,0.02218,0.022228328,4.8328e-05,0.00095,True,True,post_recovery
mesh10,offline-per-failure,l_sw2_sw5,TT10,23,0.02318,0.023228328,4.8328e-05,0.00095,True,True,post_recovery
mesh10,offline-per-failure,l_sw2_sw5,TT10,24,0.02418,0.024228328,4.8328e-05,0.00095,True,True,post_recovery
mesh10,offline-per-failure,l_sw2_sw5,TT2,0,2e-05,4.8328e-05,2.8328e-05,0.0009,True,True,pre_fault
mesh10,offline-per-failure,l_sw2_sw5,TT2,1,0.00102,0.001048328,2.8328e-05,0.0009,True,True,pre_fault
mesh10,offline-per-failure,l_sw2_sw5,TT2,2,0.00202,0.002048328,2.8328e-05,0.0009,True,True,pre_fault
mesh10,offline-per-failure,l_sw2_sw5,TT2,3,0.00302,0.003048328,2.8328e-05,0.0009,True,True,pre_fault
mesh10,offline-per-failure,l_sw2_sw5,TT2,4,0.00402,0.004048328,2.8328e-05,0.0009,True,True,pre_fault
mesh10,offline-per-failure,l_sw2_sw5,TT2,5,0.00502,0.005048328,2.8328e-05,0.0009,True,True,pre_fault
mesh10,offline-per-failure,l_sw2_sw5,TT2,6,0.00602,0.006048328,2.8328e-05,0.0009,True,True,pre_fault
mesh10,offline-per-failure,l_sw2_sw5,TT2,7,0.00702,0.007048328,2.8328e-05,0.0009,True,True,pre_fault
mesh10,offline-per-failure,l_sw2_sw5,TT2,8,0.00802,,,0.0009,False,False,outage
mesh10,offline-per-failure,l_sw2_sw5,TT2,9,0.00902,0.00916416,0.00014416,0.0009,True,True,post_recovery
mesh10,offline-per-failure,l_sw2_sw5,TT2,10,0.01002,0.01016416,0.00014416,0.0009,True,True,post_recovery
mesh10,offline-per-failure,l_sw2_sw5,TT2,11,0.01102,0.01116416,0.00014416,0.0009,True,True,post_recovery
mesh10,offline-per-failure,l_sw2_sw5,TT2,12,0.01202,0.01216416,0.00014416,0.0009,True,True,post_recovery
mesh10,offline-per-failure,l_sw2_sw5,TT2,13,0.01302,0.01316416,0.00014416,0.0009,True,True,post_recovery
mesh10,offline-per-failure,l_sw2_sw5,TT2,14,0.01402,0.01416416,0.00014416,0.0009,True,True,post_recovery
mesh10,offline-per-failure,l_sw2_sw5,TT2,15,0.01502,0.01516416,0.00014416,0.0009,True,True,post_recovery
mesh10,offline-per-failure,l_sw2_sw5,TT2,16,0.01602,0.01616416,0.00014416,0.0009,True,True,post_recovery
mesh10,offline-per-failure,l_sw2_sw5,TT2,17,0.01702,0.01716416,0.00014416,0.0009,True,True,post_recovery
mesh10,offline-per-failure,l_sw2_sw5,TT2,18,0.01802,0.01816416,0.00014416,0.0009,True,True,post_recovery
mesh10,offline-per-failure,l_sw2_sw5,TT2,19,0.01902,0.01916416,0.00014416,0.0009,True,True,post_recovery
mesh10,offline-per-failure,l_sw2_sw5,TT2,20,0.02002,0.02016416,0.00014416,0.0009,True,True,post_recovery
mesh10,offline-per-failure,l_sw2_sw5,TT2,21,0.02102,0.02116416,0.00014416,0.0009,True,True,post_recovery
mesh10,offline-per-failure,l_sw2_sw5,TT2,22,0.02202,0.02216416,0.00014416,0.0009,True,True,post_recovery
mesh10,offline-per-failure,l_sw2_sw5,TT2,23,0.02302,0.02316416,0.00014416,0.0009,True,True,post_recovery
mesh10,offline-per-failure,l_sw2_sw5,TT2,24,0.02402,0.02416416,0.00014416,0.0009,True,True,post_recovery
mesh10,offline-per-failure,l_sw2_sw5,TT3,0,4e-05,8.0896e-05,4.0896e-05,0.0009,True,True,pre_fault
mesh10,offline-per-failure,l_sw2_sw5,TT3,1,0.00104,0.001080896,4.0896e-05,0.0009,True,True,pre_fault
mesh10,offline-per-failure,l_sw2_sw5,TT3,2,0.00204,0.002080896,4.0896e-05,0.0009,True,True,pre_fault
mesh10,offline-per-failure,l_sw2_sw5,TT3,3,0.00304,0.003080896,4.0896e-05,0.0009,True,True,pre_fault
mesh10,offline-per-failure,l_sw2_sw5,TT3,4,0.00404,0.004080896,4.0896e-05,0.0009,True,True,pre_fault
mesh10,offline-per-failure,l_sw2_sw5,TT3,5,0.00504,0.005080896,4.0896e-05,0.0009,True,True,pre_fault
mesh10,offline-per-failure,l_sw2_sw5,TT3,6,0.00604,0.006080896,4.0896e-05,0.0009,True,True,pre_fault
mesh10,offline-per-failure,l_sw2_sw5,TT3,7,0.00704,0.007080896,4.0896e-05,0.0009,True,True,pre_fault
mesh10,offline-per-failure,l_sw2_sw5,TT3,8,0.00804,0.008080896,4.0896e-05,0.0009,True,True,outage
mesh10,offline-per-failure,l_sw2_sw5,TT3,9,0.00904,0.009180896,0.000140896,0.0009,True,True,post_recovery
mesh10,offline-per-failure,l_sw2_sw5,TT3,10,0.01004,0.010180896,0.000140896,0.0009,True,True,post_recovery
mesh10,offline-per-failure,l_sw2_sw5,TT3,11,0.01104,0.011180896,0.000140896,0.0009,True,True,post_recovery
mesh10,offline-per-failure,l_sw2_sw5,TT3,12,0.01204,0.012180896,0.000140896,0.0009,True,True,post_recovery
mesh10,offline-per-failure,l_sw2_sw5,TT3,13,0.01304,0.013180896,0.000140896,0.0009,True,True,post_recovery
mesh10,offline-per-failure,l_sw2_sw5,TT3,14,0.01404,0.014180896,0.000140896,0.0009,True,True,post_recovery
mesh10,offline-per-failure,l_sw2_sw5,TT3,15,0.01504,0.015180896,0.000140896,0.0009,True,True,post_recovery
mesh10,offline-per-failure,l_sw2_sw5,TT3,16,0.01604,0.016180896,0.000140896,0.0009,True,True,post_recovery
mesh10,offline-per-failure,l_sw2_sw5,TT3,17,0.01704,0.017180896,0.000140896,0.0009,True,True,post_recovery
mesh10,offline-per-failure,l_sw2_sw5,TT3,18,0.01804,0.018180896,0.000140896,0.0009,True,True,post_recovery
mesh10,offline-per-failure,l_sw2_sw5,TT3,19,0.01904,0.019180896,0.000140896,0.0009,True,True,post_recovery
mesh10,offline-per-failure,l_sw2_sw5,TT3,20,0.02004,0.020180896,0.000140896,0.0009,True,True,post_recovery
mesh10,offline-per-failure,l_sw2_sw5,TT3,21,0.02104,0.021180896,0.000140896,0.0009,True,True,post_recovery
mesh10,offline-per-failure,l_sw2_sw5,TT3,22,0.02204,0.022180896,0.000140896,0.0009,True,True,post_recovery
mesh10,offline-per-failure,l_sw2_sw5,TT3,23,0.02304,0.023180896,0.000140896,0.0009,True,True,post_recovery
mesh10,offline-per-failure,l_sw2_sw5,TT3,24,0.02404,0.024180896,0.000140896,0.0009,True,True,post_recovery
mesh10,offline-per-failure,l_sw2_sw5,TT4,0,6e-05,0.000107728,4.7728e-05,0.00095,True,True,pre_fault
mesh10,offline-per-failure,l_sw2_sw5,TT4,1,0.00106,0.001107728,4.7728e-05,0.00095,True,True,pre_fault
mesh10,offline-per-failure,l_sw2_sw5,TT4,2,0.00206,0.002107728,4.7728e-05,0.00095,True,True,pre_fault
mesh10,offline-per-failure,l_sw2_sw5,TT4,3,0.00306,0.003107728,4.7728e-05,0.00095,True,True,pre_fault
mesh10,offline-per-failure,l_sw2_sw5,TT4,4,0.00406,0.004107728,4.7728e-05,0.00095,True,True,pre_fault
mesh10,offline-per-failure,l_sw2_sw5,TT4,5,0.00506,0.005107728,4.7728e-05,0.00095,True,True,pre_fault
mesh10,offline-per-failure,l_sw2_sw5,TT4,6,0.00606,0.006107728,4.7728e-05,0.00095,True,True,pre_fault
mesh10,offline-per-failure,l_sw2_sw5,TT4,7,0.00706,0.007107728,4.7728e-05,0.00095,True,True,pre_fault
mesh10,offline-per-failure,l_sw2_sw5,TT4,8,0.00806,0.008107728,4.7728e-05,0.00095,True,True,outage
mesh10,offline-per-failure,l_sw2_sw5,TT4,9,0.00906,0.009207728,0.000147728,0.00095,True,True,post_recovery
mesh10,offline-per-failure,l_sw2_sw5,TT4,10,0.01006,0.010207728,0.000147728,0.00095,True,True,post_recovery
mesh10,offline-per-failure,l_sw2_sw5,TT4,11,0.01106,0.011207728,0.000147728,0.00095,True,True,post_recovery
mesh10,offline-per-failure,l_sw2_sw5,TT4,12,0.01206,0.012207728,0.000147728,0.00095,True,True,post_recovery
mesh10,offline-per-failure,l_sw2_sw5,TT4,13,0.01306,0.013207728,0.000147728,0.00095,True,True,post_recovery
mesh10,offline-per-failure,l_sw2_sw5,TT4,14,0.01406,0.014207728,0.000147728,0.00095,True,True,post_recovery
mesh10,offline-per-failure,l_sw2_sw5,TT4,15,0.01506,0.015207728,0.000147728,0.00095,True,True,post_recovery
mesh10,offline-per-failure,l_sw2_sw5,TT4,16,0.01606,0.016207728,0.000147728,0.00095,True,True,post_recovery
mesh10,offline-per-failure,l_sw2_sw5,TT4,17,0.01706,0.017207728,0.000147728,0.00095,True,True,post_recovery
mesh10,offline-per-failure,l_sw2_sw5,TT4,18,0.01806,0.018207728,0.000147728,0.00095,True,True,post_recovery
mesh10,offline-per-failure,l_sw2_sw5,TT4,19,0.01906,0.019207728,0.000147728,0.00095,True,True,post_recovery
mesh10,offline-per-failure,l_sw2_sw5,TT4,20,0.02006,0.020207728,0.000147728,0.00095,True,True,post_recovery
mesh10,offline-per-failure,l_sw2_sw5,TT4,21,0.02106,0.021207728,0.000147728,0.00095,True,True,post_recovery
mesh10,offline-per-failure,l_sw2_sw5,TT4,22,0.02206,0.022207728,0.000147728,0.00095,True,True,post_recovery
mesh10,offline-per-failure,l_sw2_sw5,TT4,23,0.02306,0.023207728,0.000147728,0.00095,True,True,post_recovery
mesh10,offline-per-failure,l_sw2_sw5,TT4,24,0.02406,0.024207728,0.000147728,0.00095,True,True,post_recovery
mesh10,offline-per-failure,l_sw2_sw5,TT5,0,8e-05,0.000146256,6.6256e-05,0.0009,True,True,pre_fault
mesh10,offline-per-failure,l_sw2_sw5,TT5,1,0.00108,0.001146256,6.6256e-05,0.0009,True,True,pre_fault
mesh10,offline-per-failure,l_sw2_sw5,TT5,2,0.00208,0.002146256,6.6256e-05,0.0009,True,True,pre_fault
mesh10,offline-per-failure,l_sw2_sw5,TT5,3,0.00308,0.003146256,6.6256e-05,0.0009,True,True,pre_fault
mesh10,offline-per-failure,l_sw2_sw5,TT5,4,0.00408,0.004146256,6.6256e-05,0.0009,True,True,pre_fault
mesh10,offline-per-failure,l_sw2_sw5,TT5,5,0.00508,0.005146256,6.6256e-05,0.0009,True,True,pre_fault
mesh10,offline-per-failure,l_sw2_sw5,TT5,6,0.00608,0.006146256,6.6256e-05,0.0009,True,True,pre_fault
mesh10,offline-per-failure,l_sw2_sw5,TT5,7,0.00708,0.007146256,6.6256e-05,0.0009,True,True,pre_fault
mesh10,offline-per-failure,l_sw2_sw5,TT5,8,0.00808,0.00822016,0.00014016,0.0009,True,True,outage
mesh10,offline-per-failure,l_sw2_sw5,TT5,9,0.00908,0.00922016,0.00014016,0.0009,True,True,post_recovery
mesh10,offline-per-failure,l_sw2_sw5,TT5,10,0.01008,0.01022016,0.00014016,0.0009,True,True,post_recovery
mesh10,offline-per-failure,l_sw2_sw5,TT5,11,0.01108,0.01122016,0.00014016,0.0009,True,True,post_recovery
mesh10,offline-per-failure,l_sw2_sw5,TT5,12,0.01208,0.01222016,0.00014016,0.0009,True,True,post_recovery
mesh10,offline-per-failure,l_sw2_sw5,TT5,13,0.01308,0.01322016,0.00014016,0.0009,True,True,post_recovery
mesh10,offline-per-failure,l_sw2_sw5,TT5,14,0.01408,0.01422016,0.00014016,0.0009,True,True,post_recovery
mesh10,offline-per-failure,l_sw2_sw5,TT5,15,0.01508,0.01522016,0.00014016,0.0009,True,True,post_recovery
mesh10,offline-per-failure,l_sw2_sw5,TT5,16,0.01608,0.01622016,0.00014016,0.0009,True,True,post_recovery
mesh10,offline-per-failure,l_sw2_sw5,TT5,17,0.01708,0.01722016,0.00014016,0.0009,True,True,post_recovery
mesh10,offline-per-failure,l_sw2_sw5,TT5,18,0.01808,0.01822016,0.00014016,0.0009,True,True,post_recovery
mesh10,offline-per-failure,l_sw2_sw5,TT5,19,0.01908,0.01922016,0.00014016,0.0009,True,True,post_recovery
mesh10,offline-per-failure,l_sw2_sw5,TT5,20,0.02008,0.02022016,0.00014016,0.0009,True,True,post_recovery
mesh10,offline-per-failure,l_sw2_sw5,TT5,21,0.02108,0.02122016,0.00014016,0.0009,True,True,post_recovery
mesh10,offline-per-failure,l_sw2_sw5,TT5,22,0.02208,0.02222016,0.00014016,0.0009,True,True,post_recovery
mesh10,offline-per-failure,l_sw2_sw5,TT5,23,0.02308,0.02322016,0.00014016,0.0009,True,True,post_recovery
mesh10,offline-per-failure,l_sw2_sw5,TT5,24,0.02408,0.02422016,0.00014016,0.0009,True,True,post_recovery
mesh10,offline-per-failure,l_sw2_sw5,TT6,0,0.0001,0.000141328,4.1328e-05,0.0009,True,True,pre_fault
mesh10,offline-per-failure,l_sw2_sw5,TT6,1,0.0011,0.001141328,4.1328e-05,0.0009,True,True,pre_fault
mesh10,offline-per-failure,l_sw2_sw5,TT6,2,0.0021,0.002141328,4.1328e-05,0.0009,True,True,pre_fault
mesh10,offline-per-failure,l_sw2_sw5,TT6,3,0.0031,0.003141328,4.1328e-05,0.0009,True,True,pre_fault
mesh10,offline-per-failure,l_sw2_sw5,TT6,4,0.0041,0.004141328,4.1328e-05,0.0009,True,True,pre_fault
mesh10,offline-per-failure,l_sw2_sw5,TT6,5,0.0051,0.005141328,4.1328e-05,0.0009,True,True,pre_fault
mesh10,offline-per-failure,l_sw2_sw5,TT6,6,0.0061,0.006141328,4.1328e-05,0.0009,True,True,pre_fault
mesh10,offline-per-failure,l_sw2_sw5,TT6,7,0.0071,0.007141328,4.1328e-05,0.0009,True,True,pre_fault
mesh10,offline-per-failure,l_sw2_sw5,TT6,8,0.0081,0.008241328,0.000141328,0.0009,True,True,post_recovery
mesh10,offline-per-failure,l_sw2_sw5,TT6,9,0.0091,0.009241328,0.000141328,0.0009,True,True,post_recovery
mesh10,offline-per-failure,l_sw2_sw5,TT6,10,0.0101,0.010241328,0.000141328,0.0009,True,True,post_recovery
mesh10,offline-per-failure,l_sw2_sw5,TT6,11,0.0111,0.011241328,0.000141328,0.0009,True,True,post_recovery
mesh10,offline-per-failure,l_sw2_sw5,TT6,12,0.0121,0.012241328,0.000141328,0.0009,True,True,post_recovery
mesh10,offline-per-failure,l_sw2_sw5,TT6,13,0.0131,0.013241328,0.000141328,0.0009,True,True,post_recovery
mesh10,offline-per-failure,l_sw2_sw5,TT6,14,0.0141,0.014241328,0.000141328,0.0009,True,True,post_recovery
mesh10,offline-per-failure,l_sw2_sw5,TT6,15,0.0151,0.015241328,0.000141328,0.0009,True,True,post_recovery
mesh10,offline-per-failure,l_sw2_sw5,TT6,16,0.0161,0.016241328,0.000141328,0.0009,True,True,post_recovery
mesh10,offline-per-failure,l_sw2_sw5,TT6,17,0.0171,0.017241328,0.000141328,0.0009,True,True,post_recovery
mesh10,offline-per-failure,l_sw2_sw5,TT6,18,0.0181,0.018241328,0.000141328,0.0009,True,True,post_recovery
mesh10,offline-per-failure,l_sw2_sw5,TT6,19,0.0191,0.019241328,0.000141328,0.0009,True,True,post_recovery
mesh10,offline-per-failure,l_sw2_sw5,TT6,20,0.0201,0.020241328,0.000141328,0.0009,True,True,post_recovery
mesh10,offline-per-failure,l_sw2_sw5,TT6,21,0.0211,0.021241328,0.000141328,0.0009,True,True,post_recovery
mesh10,offline-per-failure,l_sw2_sw5,TT6,22,0.0221,0.022241328,0.000141328,0.0009,True,True,post_recovery
mesh10,offline-per-failure,l_sw2_sw5,TT6,23,0.0231,0.023241328,0.000141328,0.0009,True,True,post_recovery
mesh10,offline-per-failure,l_sw2_sw5,TT6,24,0.0241,0.024241328,0.000141328,0.0009,True,True,post_recovery
mesh10,offline-per-failure,l_sw2_sw5,TT7,0,0.00012,0.00016816,4.816e-05,0.00095,True,True,pre_fault
mesh10,offline-per-failure,l_sw2_sw5,TT7,1,0.00112,0.00116816,4.816e-05,0.00095,True,True,pre_fault
mesh10,offline-per-failure,l_sw2_sw5,TT7,2,0.00212,0.00216816,4.816e-05,0.00095,True,True,pre_fault
mesh10,offline-per-failure,l_sw2_sw5,TT7,3,0.00312,0.00316816,4.816e-05,0.00095,True,True,pre_fault
mesh10,offline-per-failure,l_sw2_sw5,TT7,4,0.00412,0.00416816,4.816e-05,0.00095,True,True,pre_fault
mesh10,offline-per-failure,l_sw2_sw5,TT7,5,0.00512,0.00516816,4.816e-05,0.00095,True,True,pre_fault
mesh10,offline-per-failure,l_sw2_sw5,TT7,6,0.00612,0.00616816,4.816e-05,0.00095,True,True,pre_fault
mesh10,offline-per-failure,l_sw2_sw5,TT7,7,0.00712,0.00716816,4.816e-05,0.00095,True,True,pre_fault
mesh10,offline-per-failure,l_sw2_sw5,TT7,8,0.00812,0.00826816,0.00014816,0.00095,True,True,post_recovery
mesh10,offline-per-failure,l_sw2_sw5,TT7,9,0.00912,0.00926816,0.00014816,0.00095,True,True,post_recovery
mesh10,offline-per-failure,l_sw2_sw5,TT7,10,0.01012,0.01026816,0.00014816,0.00095,True,True,post_recovery
mesh10,offline-per-failure,l_sw2_sw5,TT7,11,0.01112,0.01126816,0.00014816,0.00095,True,True,post_recovery
mesh10,offline-per-failure,l_sw2_sw5,TT7,12,0.01212,0.01226816,0.00014816,0.00095,True,True,post_recovery
mesh10,offline-per-failure,l_sw2_sw5,TT7,13,0.01312,0.01326816,0.00014816,0.00095,True,True,post_recovery
mesh10,offline-per-failure,l_sw2_sw5,TT7,14,0.01412,0.01426816,0.00014816,0.00095,True,True,post_recovery
mesh10,offline-per-failure,l_sw2_sw5,TT7,15,0.01512,0.01526816,0.00014816,0.00095,True,True,post_recovery
mesh10,offline-per-failure,l_sw2_sw5,TT7,16,0.01612,0.01626816,0.00014816,0.00095,True,True,post_recovery
mesh10,offline-per-failure,l_sw2_sw5,TT7,17,0.01712,0.01726816,0.00014816,0.00095,True,True,post_recovery
mesh10,offline-per-failure,l_sw2_sw5,TT7,18,0.01812,0.01826816,0.00014816,0.00095,True,True,post_recovery
mesh10,offline-per-failure,l_sw2_sw5,TT7,19,0.01912,0.01926816,0.00014816,0.00095,True,True,post_recovery
mesh10,offline-per-failure,l_sw2_sw5,TT7,20,0.02012,0.02026816,0.00014816,0.00095,True,True,post_recovery
mesh10,offline-per-failure,l_sw2_sw5,TT7,21,0.02112,0.02126816,0.00014816,0.00095,True,True,post_recovery
mesh10,offline-per-failure,l_sw2_sw5,TT7,22,0.02212,0.02226816,0.00014816,0.00095,True,True,post_recovery
mesh10,offline-per-failure,l_sw2_sw5,TT7,23,0.02312,0.02326816,0.00014816,0.00095,True,True,post_recovery
mesh10,offline-per-failure,l_sw2_sw5,TT7,24,0.02412,0.02426816,0.00014816,0.00095,True,True,post_recovery
mesh10,offline-per-failure,l_sw2_sw5,TT8,0,0.00014,0.000187728,4.7728e-05,0.00095,True,True,pre_fault
mesh10,offline-per-failure,l_sw2_sw5,TT8,1,0.00114,0.001187728,4.7728e-05,0.00095,True,True,pre_fault
mesh10,offline-per-failure,l_sw2_sw5,TT8,2,0.00214,0.002187728,4.7728e-05,0.00095,True,True,pre_fault
mesh10,offline-per-failure,l_sw2_sw5,TT8,3,0.00314,0.003187728,4.7728e-05,0.00095,True,True,pre_fault
mesh10,offline-per-failure,l_sw2_sw5,TT8,4,0.00414,0.004187728,4.7728e-05,0.00095,True,True,pre_fault
mesh10,offline-per-failure,l_sw2_sw5,TT8,5,0.00514,0.005187728,4.7728e-05,0.00095,True,True,pre_fault
mesh10,offline-per-failure,l_sw2_sw5,TT8,6,0.00614,0.006187728,4.7728e-05,0.00095,True,True,pre_fault
mesh10,offline-per-failure,l_sw2_sw5,TT8,7,0.00714,0.007187728,4.7728e-05,0.00095,True,True,pre_fault
mesh10,offline-per-failure,l_sw2_sw5,TT8,8,0.00814,0.008287728,0.000147728,0.00095,True,True,post_recovery
mesh10,offline-per-failure,l_sw2_sw5,TT8,9,0.00914,0.009287728,0.000147728,0.00095,True,True,post_recovery
mesh10,offline-per-failure,l_sw2_sw5,TT8,10,0.01014,0.010287728,0.000147728,0.00095,True,True,post_recovery
mesh10,offline-per-failure,l_sw2_sw5,TT8,11,0.01114,0.011287728,0.000147728,0.00095,True,True,post_recovery
mesh10,offline-per-failure,l_sw2_sw5,TT8,12,0.01214,0.012287728,0.000147728,0.00095,True,True,post_recovery
mesh10,offline-per-failure,l_sw2_sw5,TT8,13,0.01314,0.013287728,0.000147728,0.00095,True,True,post_recovery
mesh10,offline-per-failure,l_sw2_sw5,TT8,14,0.01414,0.014287728,0.000147728,0.00095,True,True,post_recovery
mesh10,offline-per-failure,l_sw2_sw5,TT8,15,0.01514,0.015287728,0.000147728,0.00095,True,True,post_recovery
mesh10,offline-per-failure,l_sw2_sw5,TT8,16,0.01614,0.016287728,0.000147728,0.00095,True,True,post_recovery
mesh10,offline-per-failure,l_sw2_sw5,TT8,17,0.01714,0.017287728,0.000147728,0.00095,True,True,post_recovery
mesh10,offline-per-failure,l_sw2_sw5,TT8,18,0.01814,0.018287728,0.000147728,0.00095,True,True,post_recovery
mesh10,offline-per-failure,l_sw2_sw5,TT8,19,0.01914,0.019287728,0.000147728,0.00095,True,True,post_recovery
mesh10,offline-per-failure,l_sw2_sw5,TT8,20,0.02014,0.020287728,0.000147728,0.00095,True,True,post_recovery
mesh10,offline-per-failure,l_sw2_sw5,TT8,21,0.02114,0.021287728,0.000147728,0.00095,True,True,post_recovery
mesh10,offline-per-failure,l_sw2_sw5,TT8,22,0.02214,0.022287728,0.000147728,0.00095,True,True,post_recovery
mesh10,offline-per-failure,l_sw2_sw5,TT8,23,0.02314,0.023287728,0.000147728,0.00095,True,True,post_recovery
mesh10,offline-per-failure,l_sw2_sw5,TT8,24,0.02414,0.024287728,0.000147728,0.00095,True,True,post_recovery
mesh10,offline-per-failure,l_sw2_sw5,TT9,0,0.00016,0.000198128,3.8128e-05,0.0009,True,True,pre_fault
mesh10,offline-per-failure,l_sw2_sw5,TT9,1,0.00116,0.001198128,3.8128e-05,0.0009,True,True,pre_fault
mesh10,offline-per-failure,l_sw2_sw5,TT9,2,0.00216,0.002198128,3.8128e-05,0.0009,True,True,pre_fault
mesh10,offline-per-failure,l_sw2_sw5,TT9,3,0.00316,0.003198128,3.8128e-05,0.0009,True,True,pre_fault
mesh10,offline-per-failure,l_sw2_sw5,TT9,4,0.00416,0.004198128,3.8128e-05,0.0009,True,True,pre_fault
mesh10,offline-per-failure,l_sw2_sw5,TT9,5,0.00516,0.005198128,3.8128e-05,0.0009,True,True,pre_fault
mesh10,offline-per-failure,l_sw2_sw5,TT9,6,0.00616,0.006198128,3.8128e-05,0.0009,True,True,pre_fault
mesh10,offline-per-failure,l_sw2_sw5,TT9,7,0.00716,0.007198128,3.8128e-05,0.0009,True,True,pre_fault
mesh10,offline-per-failure,l_sw2_sw5,TT9,8,0.00816,0.008298128,0.000138128,0.0009,True,True,post_recovery
mesh10,offline-per-failure,l_sw2_sw5,TT9,9,0.00916,0.009298128,0.000138128,0.0009,True,True,post_recovery
mesh10,offline-per-failure,l_sw2_sw5,TT9,10,0.01016,0.010298128,0.000138128,0.0009,True,True,post_recovery
mesh10,offline-per-failure,l_sw2_sw5,TT9,11,0.01116,0.011298128,0.000138128,0.0009,True,True,post_recovery
mesh10,offline-per-failure,l_sw2_sw5,TT9,12,0.01216,0.012298128,0.000138128,0.0009,True,True,post_recovery
mesh10,offline-per-failure,l_sw2_sw5,TT9,13,0.01316,0.013298128,0.000138128,0.0009,True,True,post_recovery
mesh10,offline-per-failure,l_sw2_sw5,TT9,14,0.01416,0.014298128,0.000138128,0.0009,True,True,post_recovery
mesh10,offline-per-failure,l_sw2_sw5,TT9,15,0.01516,0.015298128,0.000138128,0.0009,True,True,post_recovery
mesh10,offline-per-failure,l_sw2_sw5,TT9,16,0.01616,0.016298128,0.000138128,0.0009,True,True,post_recovery
mesh10,offline-per-failure,l_sw2_sw5,TT9,17,0.01716,0.017298128,0.000138128,0.0009,True,True,post_recovery
mesh10,offline-per-failure,l_sw2_sw5,TT9,18,0.01816,0.018298128,0.000138128,0.0009,True,True,post_recovery
mesh10,offline-per-failure,l_sw2_sw5,TT9,19,0.01916,0.019298128,0.000138128,0.0009,True,True,post_recovery
mesh10,offline-per-failure,l_sw2_sw5,TT9,20,0.02016,0.020298128,0.000138128,0.0009,True,True,post_recovery
mesh10,offline-per-failure,l_sw2_sw5,TT9,21,0.02116,0.021298128,0.000138128,0.0009,True,True,post_recovery
mesh10,offline-per-failure,l_sw2_sw5,TT9,22,0.02216,0.022298128,0.000138128,0.0009,True,True,post_recovery
mesh10,offline-per-failure,l_sw2_sw5,TT9,23,0.02316,0.023298128,0.000138128,0.0009,True,True,post_recovery
mesh10,offline-per-failure,l_sw2_sw5,TT9,24,0.02416,0.024298128,0.000138128,0.0009,True,True,post_recovery
mesh10,offline-per-failure,l_sw2_sw5,BE1,0,0,5.0624e-05,5.0624e-05,,True,,pre_fault
mesh10,offline-per-failure,l_sw2_sw5,BE1,1,0.0005,0.000550624,5.0624e-05,,True,,pre_fault
mesh10,offline-per-failure,l_sw2_sw5,BE1,2,0.001,0.001052784,5.2784e-05,,True,,pre_fault
mesh10,offline-per-failure,l_sw2_sw5,BE1,3,0.0015,0.001550624,5.0624e-05,,True,,pre_fault
mesh10,offline-per-failure,l_sw2_sw5,BE1,4,0.002,0.002052784,5.2784e-05,,True,,pre_fault
mesh10,offline-per-failure,l_sw2_sw5,BE1,5,0.0025,0.002550624,5.0624e-05,,True,,pre_fault
mesh10,offline-per-failure,l_sw2_sw5,BE1,6,0.003,0.003052784,5.2784e-05,,True,,pre_fault
mesh10,offline-per-failure,l_sw2_sw5,BE1,7,0.0035,0.003550624,5.0624e-05,,True,,pre_fault
mesh10,offline-per-failure,l_sw2_sw5,BE1,8,0.004,0.004052784,5.2784e-05,,True,,pre_fault
mesh10,offline-per-failure,l_sw2_sw5,BE1,9,0.0045,0.004550624,5.0624e-05,,True,,pre_fault
mesh10,offline-per-failure,l_sw2_sw5,BE1,10,0.005,0.005052784,5.2784e-05,,True,,pre_fault
mesh10,offline-per-failure,l_sw2_sw5,BE1,11,0.0055,0.005550624,5.0624e-05,,True,,pre_fault
mesh10,offline-per-failure,l_sw2_sw5,BE1,12,0.006,0.006052784,5.2784e-05,,True,,pre_fault
mesh10,offline-per-failure,l_sw2_sw5,BE1,13,0.0065,0.006550624,5.0624e-05,,True,,pre_fault
mesh10,offline-per-failure,l_sw2_sw5,BE1,14,0.007,0.007052784,5.2784e-05,,True,,pre_fault
mesh10,offline-per-failure,l_sw2_sw5,BE1,15,0.0075,0.007550624,5.0624e-05,,True,,pre_fault
mesh10,offline-per-failure,l_sw2_sw5,BE1,16,0.008,,,,False,,outage
mesh10,offline-per-failure,l_sw2_sw5,BE1,17,0.0085,0.008550624,5.0624e-05,,True,,post_recovery
mesh10,offline-per-failure,l_sw2_sw5,BE1,18,0.009,0.009052784,5.2784e-05,,True,,post_recovery
mesh10,offline-per-failure,l_sw2_sw5,BE1,19,0.0095,0.009550624,5.0624e-05,,True,,post_recovery
mesh10,offline-per-failure,l_sw2_sw5,BE1,20,0.01,0.010052784,5.2784e-05,,True,,post_recovery
mesh10,offline-per-failure,l_sw2_sw5,BE1,21,0.0105,0.010550624,5.0624e-05,,True,,post_recovery
mesh10,offline-per-failure,l_sw2_sw5,BE1,22,0.011,0.011052784,5.2784e-05,,True,,post_recovery
mesh10,offline-per-failure,l_sw2_sw5,BE1,23,0.0115,0.011550624,5.0624e-05,,True,,post_recovery
mesh10,offline-per-failure,l_sw2_sw5,BE1,24,0.012,0.012052784,5.2784e-05,,True,,post_recovery
mesh10,offline-per-failure,l_sw2_sw5,BE1,25,0.0125,0.012550624,5.0624e-05,,True,,post_recovery
mesh10,offline-per-failure,l_sw2_sw5,BE1,26,0.013,0.013052784,5.2784e-05,,True,,post_recovery
mesh10,offline-per-failure,l_sw2_sw5,BE1,27,0.0135,0.013550624,5.0624e-05,,True,,post_recovery
mesh10,offline-per-failure,l_sw2_sw5,BE1,28,0.014,0.014052784,5.2784e-05,,True,,post_recovery
mesh10,offline-per-failure,l_sw2_sw5,BE1,29,0.0145,0.014550624,5.0624e-05,,True,,post_recovery
mesh10,offline-per-failure,l_sw2_sw5,BE1,30,0.015,0.015052784,5.2784e-05,,True,,post_recovery
mesh10,offline-per-failure,l_sw2_sw5,BE1,31,0.0155,0.015550624,5.0624e-05,,True,,post_recovery
mesh10,offline-per-failure,l_sw2_sw5,BE1,32,0.016,0.016052784,5.2784e-05,,True,,post_recovery
mesh10,offline-per-failure,l_sw2_sw5,BE1,33,0.0165,0.016550624,5.0624e-05,,True,,post_recovery
mesh10,offline-per-failure,l_sw2_sw5,BE1,34,0.017,0.017052784,5.2784e-05,,True,,post_recovery
mesh10,offline-per-failure,l_sw2_sw5,BE1,35,0.0175,0.017550624,5.0624e-05,,True,,post_recovery
mesh10,offline-per-failure,l_sw2_sw5,BE1,36,0.018,0.018052784,5.2784e-05,,True,,post_recovery
mesh10,offline-per-failure,l_sw2_sw5,BE1,37,0.0185,0.018550624,5.0624e-05,,True,,post_recovery
mesh10,offline-per-failure,l_sw2_sw5,BE1,38,0.019,0.019052784,5.2784e-05,,True,,post_recovery
mesh10,offline-per-failure,l_sw2_sw5,BE1,39,0.0195,0.019550624,5.0624e-05,,True,,post_recovery
mesh10,offline-per-failure,l_sw2_sw5,BE1,40,0.02,0.020052784,5.2784e-05,,True,,post_recovery
mesh10,offline-per-failure,l_sw2_sw5,BE1,41,0.0205,0.020550624,5.0624e-05,,True,,post_recovery
mesh10,offline-per-failure,l_sw2_sw5,BE1,42,0.021,0.021052784,5.2784e-05,,True,,post_recovery
mesh10,offline-per-failure,l_sw2_sw5,BE1,43,0.0215,0.021550624,5.0624e-05,,True,,post_recovery
mesh10,offline-per-failure,l_sw2_sw5,BE1,44,0.022,0.022052784,5.2784e-05,,True,,post_recovery
mesh10,offline-per-failure,l_sw2_sw5,BE1,45,0.0225,0.022550624,5.0624e-05,,True,,post_recovery
mesh10,offline-per-failure,l_sw2_sw5,BE1,46,0.023,0.023052784,5.2784e-05,,True,,post_recovery
mesh10,offline-per-failure,l_sw2_sw5,BE1,47,0.0235,0.023550624,5.0624e-05,,True,,post_recovery
mesh10,offline-per-failure,l_sw2_sw5,BE1,48,0.024,0.024052784,5.2784e-05,,True,,post_recovery
mesh10,offline-per-failure,l_sw2_sw5,BE1,49,0.0245,0.024550624,5.0624e-05,,True,,post_recovery
mesh10,offline-per-failure,l_sw2_sw5,BE1,50,0.025,,,,False,,post_recovery
mesh10,offline-per-failure,l_sw2_sw5,BE2,0,0.0001,0.000160128,6.0128e-05,,True,,pre_fault
mesh10,offline-per-failure,l_sw2_sw5,BE2,1,0.0006,0.000650192,5.0192e-05,,True,,pre_fault
mesh10,offline-per-failure,l_sw2_sw5,BE2,2,0.0011,0.001160128,6.0128e-05,,True,,pre_fault
mesh10,offline-per-failure,l_sw2_sw5,BE2,3,0.0016,0.001650192,5.0192e-05,,True,,pre_fault
mesh10,offline-per-failure,l_sw2_sw5,BE2,4,0.0021,0.002160128,6.0128e-05,,True,,pre_fault
mesh10,offline-per-failure,l_sw2_sw5,BE2,5,0.0026,0.002650192,5.0192e-05,,True,,pre_fault
mesh10,offline-per-failure,l_sw2_sw5,BE2,6,0.0031,0.003160128,6.0128e-05,,True,,pre_fault
mesh10,offline-per-failure,l_sw2_sw5,BE2,7,0.0036,0.003650192,5.0192e-05,,True,,pre_fault
mesh10,offline-per-failure,l_sw2_sw5,BE2,8,0.0041,0.004160128,6.0128e-05,,True,,pre_fault
mesh10,offline-per-failure,l_sw2_sw5,BE2,9,0.0046,0.004650192,5.0192e-05,,True,,pre_fault
mesh10,offline-per-failure,l_sw2_sw5,BE2,10,0.0051,0.005160128,6.0128e-05,,True,,pre_fault
mesh10,offline-per-failure,l_sw2_sw5,BE2,11,0.0056,0.005650192,5.0192e-05,,True,,pre_fault
mesh10,offline-per-failure,l_sw2_sw5,BE2,12,0.0061,0.006160128,6.0128e-05,,True,,pre_fault
mesh10,offline-per-failure,l_sw2_sw5,BE2,13,0.0066,0.006650192,5.0192e-05,,True,,pre_fault
mesh10,offline-per-failure,l_sw2_sw5,BE2,14,0.0071,0.007160128,6.0128e-05,,True,,pre_fault
mesh10,offline-per-failure,l_sw2_sw5,BE2,15,0.0076,0.007650192,5.0192e-05,,True,,pre_fault
mesh10,offline-per-failure,l_sw2_sw5,BE2,16,0.0081,0.008150192,5.0192e-05,,True,,post_recovery
mesh10,offline-per-failure,l_sw2_sw5,BE2,17,0.0086,0.008650192,5.0192e-05,,True,,post_recovery
mesh10,offline-per-failure,l_sw2_sw5,BE2,18,0.0091,0.009150192,5.0192e-05,,True,,post_recovery
mesh10,offline-per-failure,l_sw2_sw5,BE2,19,0.0096,0.009650192,5.0192e-05,,True,,post_recovery
mesh10,offline-per-failure,l_sw2_sw5,BE2,20,0.0101,0.010150192,5.0192e-05,,True,,post_recovery
mesh10,offline-per-failure,l_sw2_sw5,BE2,21,0.0106,0.010650192,5.0192e-05,,True,,post_recovery
mesh10,offline-per-failure,l_sw2_sw5,BE2,22,0.0111,0.011150192,5.0192e-05,,True,,post_recovery
mesh10,offline-per-failure,l_sw2_sw5,BE2,23,0.0116,0.011650192,5.0192e-05,,True,,post_recovery
mesh10,offline-per-failure,l_sw2_sw5,BE2,24,0.0121,0.012150192,5.0192e-05,,True,,post_recovery
mesh10,offline-per-failure,l_sw2_sw5,BE2,25,0.0126,0.012650192,5.0192e-05,,True,,post_recovery
mesh10,offline-per-failure,l_sw2_sw5,BE2,26,0.0131,0.013150192,5.0192e-05,,True,,post_recovery
mesh10,offline-per-failure,l_sw2_sw5,BE2,27,0.0136,0.013650192,5.0192e-05,,True,,post_recovery
mesh10,offline-per-failure,l_sw2_sw5,BE2,28,0.0141,0.014150192,5.0192e-05,,True,,post_recovery
mesh10,offline-per-failure,l_sw2_sw5,BE2,29,0.0146,0.014650192,5.0192e-05,,True,,post_recovery
mesh10,offline-per-failure,l_sw2_sw5,BE2,30,0.0151,0.015150192,5.0192e-05,,True,,post_recovery
mesh10,offline-per-failure,l_sw2_sw5,BE2,31,0.0156,0.015650192,5.0192e-05,,True,,post_recovery
mesh10,offline-per-failure,l_sw2_sw5,BE2,32,0.0161,0.016150192,5.0192e-05,,True,,post_recovery
mesh10,offline-per-failure,l_sw2_sw5,BE2,33,0.0166,0.016650192,5.0192e-05,,True,,post_recovery
mesh10,offline-per-failure,l_sw2_sw5,BE2,34,0.0171,0.017150192,5.0192e-05,,True,,post_recovery
mesh10,offline-per-failure,l_sw2_sw5,BE2,35,0.0176,0.017650192,5.0192e-05,,True,,post_recovery
mesh10,offline-per-failure,l_sw2_sw5,BE2,36,0.0181,0.018150192,5.0192e-05,,True,,post_recovery
mesh10,offline-per-failure,l_sw2_sw5,BE2,37,0.0186,0.018650192,5.0192e-05,,True,,post_recovery
mesh10,offline-per-failure,l_sw2_sw5,BE2,38,0.0191,0.019150192,5.0192e-05,,True,,post_recovery
mesh10,offline-per-failure,l_sw2_sw5,BE2,39,0.0196,0.019650192,5.0192e-05,,True,,post_recovery
mesh10,offline-per-failure,l_sw2_sw5,BE2,40,0.0201,0.020150192,5.0192e-05,,True,,post_recovery
mesh10,offline-per-failure,l_sw2_sw5,BE2,41,0.0206,0.020650192,5.0192e-05,,True,,post_recovery
mesh10,offline-per-failure,l_sw2_sw5,BE2,42,0.0211,0.021150192,5.0192e-05,,True,,post_recovery
mesh10,offline-per-failure,l_sw2_sw5,BE2,43,0.0216,0.021650192,5.0192e-05,,True,,post_recovery
mesh10,offline-per-failure,l_sw2_sw5,BE2,44,0.0221,0.022150192,5.0192e-05,,True,,post_recovery
mesh10,offline-per-failure,l_sw2_sw5,BE2,45,0.0226,0.022650192,5.0192e-05,,True,,post_recovery
mesh10,offline-per-failure,l_sw2_sw5,BE2,46,0.0231,0.023150192,5.0192e-05,,True,,post_recovery
mesh10,offline-per-failure,l_sw2_sw5,BE2,47,0.0236,0.023650192,5.0192e-05,,True,,post_recovery
mesh10,offline-per-failure,l_sw2_sw5,BE2,48,0.0241,0.024150192,5.0192e-05,,True,,post_recovery
mesh10,offline-per-failure,l_sw2_sw5,BE2,49,0.0246,0.024650192,5.0192e-05,,True,,post_recovery
