case_id,scenario,switch_count,case_type,policy_id,tt_flow_count,controlled_hop_count,total_symbolic_var_count,total_hard_constraint_count,non_overlap_constraint_count,contention_pair_count,max_flows_per_egress,z3_check_wall_ms,status,repeat_count
structured100_auto:P0,structured100_auto,100,P0,,100,894,895,5877,2994,2994,28,,TIMEOUT,3
structured20_auto:P0,structured20_auto,20,P0,,20,108,109,452,87,87,5,216.279044,SAT,3
structured20_auto:PF:l_sw01_sw02,structured20_auto,20,PF,,20,112,113,481,104,104,6,234.287456,SAT,1
structured20_auto:PF:l_sw01_sw06,structured20_auto,20,PF,,20,108,109,452,87,87,5,218.06371199999998,SAT,1
structured20_auto:PF:l_sw02_sw03,structured20_auto,20,PF,,20,108,109,455,90,90,5,214.57842499999998,SAT,1
structured20_auto:PF:l_sw02_sw08,structured20_auto,20,PF,,20,109,110,466,98,98,5,220.835763,SAT,1
structured20_auto:PF:l_sw03_sw04,structured20_auto,20,PF,,20,109,110,470,102,102,6,221.196209,SAT,1
structured20_auto:PF:l_sw03_sw08,structured20_auto,20,PF,,20,109,110,455,87,87,5,218.17435700000001,SAT,1
structured20_auto:PF:l_sw04_sw05,structured20_auto,20,PF,,20,108,109,454,89,89,5,213.112954,SAT,1
structured20_auto:PF:l_sw04_sw10,structured20_auto,20,PF,,20,109,110,450,82,82,5,213.21460100000002,SAT,1
structured20_auto:PF:l_sw06_sw07,structured20_auto,20,PF,,20,108,109,443,78,78,5,213.80959299999998,SAT,1
structured20_auto:PF:l_sw06_sw11,structured20_auto,20,PF,,20,112,113,468,91,91,5,299.61816600000003,SAT,1
structured20_auto:PF:l_sw07_sw08,structured20_auto,20,PF,,20,108,109,444,79,79,5,306.142066,SAT,1
structured20_auto:PF:l_sw08_sw09,structured20_auto,20,PF,,20,108,109,440,75,75,5,239.94854600000002,SAT,1
structured20_auto:PF:l_sw08_sw13,structured20_auto,20,PF,,20,111,112,472,98,98,5,229.04065,SAT,1
structured20_auto:PF:l_sw09_sw10,structured20_auto,20,PF,,20,108,109,446,81,81,5,219.642942,SAT,1
structured20_auto:PF:l_sw10_sw15,structured20_auto,20,PF,,20,109,110,446,78,78,5,224.029729,SAT,1
structured20_auto:PF:l_sw11_sw16,structured20_auto,20,PF,,20,108,109,432,67,67,5,208.38120800000002,SAT,1
structured20_auto:PF:l_sw11_sw17,structured20_auto,20,PF,,20,110,111,464,93,93,5,222.327776,SAT,1
structured20_auto:PF:l_sw13_sw18,structured20_auto,20,PF,,20,109,110,451,83,83,5,228.30093300000001,SAT,1
structured20_auto:PF:l_sw13_sw19,structured20_auto,20,PF,,20,109,110,470,102,102,6,229.243908,SAT,1
structured20_auto:PF:l_sw15_sw20,structured20_auto,20,PF,,20,110,111,459,88,88,5,230.421945,SAT,1
structured20_auto:PF:l_sw17_sw18,structured20_auto,20,PF,,20,110,111,464,93,93,5,230.67293,SAT,1
structured20_auto:PF:l_sw19_sw20,structured20_auto,20,PF,,20,110,111,473,102,102,5,240.365732,SAT,1
structured20_auto:SHARED:J020:03b36c0a455df73e,structured20_auto,20,SHARED,J020,20,110,111,473,102,102,5,235.25855900000002,SAT,1
structured20_auto:SHARED:J020:80f67a99582a2501,structured20_auto,20,SHARED,J020,20,111,112,472,98,98,5,245.149156,SAT,1
structured20_auto:SHARED:J020:8c5cd5d6abda14a3,structured20_auto,20,SHARED,J020,20,110,111,464,93,93,5,230.407315,SAT,1
structured20_auto:SHARED:J020:8d9c09afd1cc32da,structured20_auto,20,SHARED,J020,20,117,118,483,91,91,5,281.444616,SAT,1
structured20_auto:SHARED:J020:a2fe8e1772c6cb77,structured20_auto,20,SHARED,J020,20,0,0,0,0,0,0,,NO_ROUTE,1
structured20_auto:SHARED:J020:f48267421ccdc7ee,structured20_auto,20,SHARED,J020,20,109,110,445,77,77,5,226.227641,SAT,1
structured20_auto:SHARED:J040:03b36c0a455df73e,structured20_auto,20,SHARED,J040,20,110,111,473,102,102,5,237.705157,SAT,1
structured20_auto:SHARED:J040:25532bce0979c3ff,structured20_auto,20,SHARED,J040,20,113,114,521,141,141,6,256.363984,SAT,1
structured20_auto:SHARED:J040:3d2944a0d56aca29,structured20_auto,20,SHARED,J040,20,108,109,450,85,85,5,299.223207,SAT,1
structured20_auto:SHARED:J040:49f734d25bb9914c,structured20_auto,20,SHARED,J040,20,108,109,455,90,90,5,224.85108300000002,SAT,1
structured20_auto:SHARED:J040:6164a3d75db8a6bb,structured20_auto,20,SHARED,J040,20,112,113,460,83,83,5,234.264777,SAT,1
structured20_auto:SHARED:J040:80f67a99582a2501,structured20_auto,20,SHARED,J040,20,111,112,472,98,98,5,240.845418,SAT,1
structured20_auto:SHARED:J040:8c5cd5d6abda14a3,structured20_auto,20,SHARED,J040,20,110,111,464,93,93,5,231.500698,SAT,1
structured20_auto:SHARED:J040:f48267421ccdc7ee,structured20_auto,20,SHARED,J040,20,109,110,445,77,77,5,226.08082900000002,SAT,1
structured20_auto:SHARED:J100:26bd46fc7074731a,structured20_auto,20,SHARED,J100,20,108,109,448,83,83,5,223.042373,SAT,1
structured20_auto:SHARED:J100:7109054e03900f9e,structured20_auto,20,SHARED,J100,20,110,111,473,102,102,5,235.79836500000002,SAT,1
structured20_auto:SHARED:J100:8c5cd5d6abda14a3,structured20_auto,20,SHARED,J100,20,110,111,464,93,93,5,229.827941,SAT,1
structured20_auto:SHARED:J100:ce559c87ed1e0457,structured20_auto,20,SHARED,J100,20,110,111,456,85,85,5,226.89246699999998,SAT,1
structured20_auto:SHARED:J100:d5060b6a5b778b77,structured20_auto,20,SHARED,J100,20,108,109,446,81,81,5,226.76478799999998,SAT,1
structured30_auto:P0,structured30_auto,30,P0,,30,124,125,534,101,101,5,299.00421700000004,SAT,3
structured30_auto:PF:l_sw01_sw02,structured30_auto,30,PF,,30,124,125,540,107,107,5,294.49212600000004,SAT,1
structured30_auto:PF:l_sw01_sw07,structured30_auto,30,PF,,30,128,129,550,105,105,5,307.016073,SAT,1
structured30_auto:PF:l_sw01_sw09,structured30_auto,30,PF,,30,126,127,539,100,100,5,303.87278200000003,SAT,1
structured30_auto:PF:l_sw02_sw03,structured30_auto,30,PF,,30,124,125,531,98,98,5,289.696734,SAT,1
structured30_auto:PF:l_sw02_sw08,structured30_auto,30,PF,,30,124,125,544,111,111,5,291.90463300000005,SAT,1
structured30_auto:PF:l_sw03_sw04,structured30_auto,30,PF,,30,124,125,535,102,102,5,295.154095,SAT,1
structured30_auto:PF:l_sw03_sw09,structured30_auto,30,PF,,30,128,129,552,107,107,5,318.219188,SAT,1
structured30_auto:PF:l_sw04_sw05,structured30_auto,30,PF,,30,124,125,528,95,95,5,398.30847600000004,SAT,1
structured30_auto:PF:l_sw05_sw07,structured30_auto,30,PF,,30,126,127,537,98,98,5,299.051536,SAT,1
structured30_auto:PF:l_sw05_sw11,structured30_auto,30,PF,,30,128,129,554,109,109,6,312.391615,SAT,1
structured30_auto:PF:l_sw07_sw13,structured30_auto,30,PF,,30,134,135,575,112,112,5,338.943448,SAT,1
structured30_auto:PF:l_sw08_sw16,structured30_auto,30,PF,,30,124,125,544,111,111,5,292.501896,SAT,1
structured30_auto:PF:l_sw09_sw10,structured30_auto,30,PF,,30,124,125,530,97,97,5,285.853859,SAT,1
structured30_auto:PF:l_sw09_sw15,structured30_auto,30,PF,,30,136,137,584,115,115,6,335.990464,SAT,1
structured30_auto:PF:l_sw10_sw11,structured30_auto,30,PF,,30,124,125,531,98,98,5,283.238225,SAT,1
structured30_auto:PF:l_sw11_sw17,structured30_auto,30,PF,,30,132,133,581,124,124,7,324.61467300000004,SAT,1
structured30_auto:PF:l_sw13_sw14,structured30_auto,30,PF,,30,126,127,553,114,114,6,296.207165,SAT,1
structured30_auto:PF:l_sw13_sw19,structured30_auto,30,PF,,30,134,135,567,104,104,5,326.993999,SAT,1
structured30_auto:PF:l_sw14_sw15,structured30_auto,30,PF,,30,126,127,549,110,110,6,304.480813,SAT,1
structured30_auto:PF:l_sw15_sw21,structured30_auto,30,PF,,30,132,133,544,87,87,4,320.51948400000003,SAT,1
structured30_auto:PF:l_sw15_sw23,structured30_auto,30,PF,,30,130,131,575,124,124,5,315.063211,SAT,1
structured30_auto:PF:l_sw16_sw17,structured30_auto,30,PF,,30,124,125,544,111,111,5,301.808214,SAT,1
structured30_auto:PF:l_sw17_sw23,structured30_auto,30,PF,,30,132,133,587,130,130,7,333.10135099999997,SAT,1
structured30_auto:PF:l_sw19_sw25,structured30_auto,30,PF,,30,128,129,527,82,82,5,315.839825,SAT,1
structured30_auto:PF:l_sw21_sw27,structured30_auto,30,PF,,30,128,129,531,86,86,5,312.484337,SAT,1
structured30_auto:PF:l_sw23_sw29,structured30_auto,30,PF,,30,132,133,564,107,107,5,336.09316,SAT,1
structured30_auto:SHARED:J020:2052020b308ed48e,structured30_auto,30,SHARED,J020,30,124,125,544,111,111,5,304.451764,SAT,1
structured30_auto:SHARED:J020:3a708f98397b66b7,structured30_auto,30,SHARED,J020,30,136,137,565,96,96,5,345.168437,SAT,1
structured30_auto:SHARED:J020:891d73073322397d,structured30_auto,30,SHARED,J020,30,128,129,534,89,89,5,311.132123,SAT,1
structured30_auto:SHARED:J020:90b63833437b75c4,structured30_auto,30,SHARED,J020,30,132,133,577,120,120,7,335.846729,SAT,1
structured30_auto:SHARED:J020:bf7aa4a605c129a1,structured30_auto,30,SHARED,J020,30,128,129,545,100,100,5,312.19427,SAT,1
structured30_auto:SHARED:J020:cad9d75b17feeb02,structured30_auto,30,SHARED,J020,30,138,139,579,104,104,5,354.40866,SAT,1
structured30_auto:SHARED:J020:e30ea73005e87a9a,structured30_auto,30,SHARED,J020,30,134,135,575,112,112,5,341.072791,SAT,1
structured30_auto:SHARED:J020:e82fd19b6aa2aca2,structured30_auto,30,SHARED,J020,30,130,131,559,108,108,5,320.734158,SAT,1
structured30_auto:SHARED:J020:fdcc4b526eb692b1,structured30_auto,30,SHARED,J020,30,124,125,540,107,107,5,297.02476,SAT,1
structured30_auto:SHARED:J040:2052020b308ed48e,structured30_auto,30,SHARED,J040,30,124,125,544,111,111,5,298.87613,SAT,1
structured30_auto:SHARED:J040:4f3e54bf6ce93f7c,structured30_auto,30,SHARED,J040,30,136,137,575,106,106,5,349.377818,SAT,1
structured30_auto:SHARED:J040:6365c9a903430c0a,structured30_auto,30,SHARED,J040,30,124,125,531,98,98,5,296.738801,SAT,1
structured30_auto:SHARED:J040:7aba9fb12e621338,structured30_auto,30,SHARED,J040,30,124,125,530,97,97,5,302.165882,SAT,1
structured30_auto:SHARED:J040:90b63833437b75c4,structured30_auto,30,SHARED,J040,30,132,133,577,120,120,7,335.380581,SAT,1
structured30_auto:SHARED:J040:b7747fbd5fad06d5,structured30_auto,30,SHARED,J040,30,126,127,553,114,114,6,309.832555,SAT,1
structured30_auto:SHARED:J040:cad9d75b17feeb02,structured30_auto,30,SHARED,J040,30,138,139,579,104,104,5,352.392447,SAT,1
structured30_auto:SHARED:J040:e82fd19b6aa2aca2,structured30_auto,30,SHARED,J040,30,130,131,559,108,108,5,319.23314400000004,SAT,1
structured30_auto:SHARED:J040:fdcc4b526eb692b1,structured30_auto,30,SHARED,J040,30,124,125,540,107,107,5,299.038332,SAT,1
structured30_auto:SHARED:J100:2052020b308ed48e,structured30_auto,30,SHARED,J100,30,124,125,544,111,111,5,303.150823,SAT,1
structured30_auto:SHARED:J100:6365c9a903430c0a,structured30_auto,30,SHARED,J100,30,124,125,531,98,98,5,299.365203,SAT,1
structured30_auto:SHARED:J100:7aba9fb12e621338,structured30_auto,30,SHARED,J100,30,124,125,530,97,97,5,298.12206000000003,SAT,1
structured30_auto:SHARED:J100:b7747fbd5fad06d5,structured30_auto,30,SHARED,J100,30,126,127,553,114,114,6,314.97069500000003,SAT,1
structured40_auto:P0,structured40_auto,40,P0,,40,164,165,749,176,176,7,518.502664,SAT,3
structured40_auto:PF:l_sw01_sw02,structured40_auto,40,PF,,40,164,165,745,172,172,7,519.637336,SAT,1
structured40_auto:PF:l_sw01_sw09,structured40_auto,40,PF,,40,170,171,750,159,159,6,544.80448,SAT,1
structured40_auto:PF:l_sw01_sw11,structured40_auto,40,PF,,40,166,167,750,171,171,7,527.0040740000001,SAT,1
structured40_auto:PF:l_sw02_sw03,structured40_auto,40,PF,,40,164,165,736,163,163,6,800.361207,SAT,1
structured40_auto:PF:l_sw03_sw04,structured40_auto,40,PF,,40,164,165,750,177,177,7,518.190704,SAT,1
structured40_auto:PF:l_sw03_sw11,structured40_auto,40,PF,,40,168,169,765,180,180,7,543.124743,SAT,1
structured40_auto:PF:l_sw04_sw05,structured40_auto,40,PF,,40,164,165,753,180,180,7,521.1761750000001,SAT,1
structured40_auto:PF:l_sw05_sw06,structured40_auto,40,PF,,40,164,165,746,173,173,7,525.0819799999999,SAT,1
structured40_auto:PF:l_sw05_sw13,structured40_auto,40,PF,,40,168,169,761,176,176,7,538.1843779999999,SAT,1
structured40_auto:PF:l_sw05_sw15,structured40_auto,40,PF,,40,166,167,753,174,174,7,547.069383,SAT,1
structured40_auto:PF:l_sw06_sw07,structured40_auto,40,PF,,40,164,165,753,180,180,7,519.674382,SAT,1
structured40_auto:PF:l_sw07_sw15,structured40_auto,40,PF,,40,170,171,777,186,186,7,550.7384159999999,SAT,1
structured40_auto:PF:l_sw09_sw17,structured40_auto,40,PF,,40,176,177,762,153,153,6,581.7885670000001,SAT,1
structured40_auto:PF:l_sw11_sw12,structured40_auto,40,PF,,40,164,165,746,173,173,7,520.709848,SAT,1
structured40_auto:PF:l_sw11_sw19,structured40_auto,40,PF,,40,176,177,793,184,184,7,586.937001,SAT,1
structured40_auto:PF:l_sw12_sw13,structured40_auto,40,PF,,40,164,165,742,169,169,7,515.2643569999999,SAT,1
structured40_auto:PF:l_sw13_sw21,structured40_auto,40,PF,,40,172,173,775,178,178,7,566.119314,SAT,1
structured40_auto:PF:l_sw15_sw23,structured40_auto,40,PF,,40,178,179,813,198,198,7,613.4242770000001,SAT,1
structured40_auto:PF:l_sw17_sw18,structured40_auto,40,PF,,40,164,165,748,175,175,7,521.488858,SAT,1
structured40_auto:PF:l_sw17_sw25,structured40_auto,40,PF,,40,178,179,758,143,143,6,588.546518,SAT,1
structured40_auto:PF:l_sw18_sw19,structured40_auto,40,PF,,40,164,165,746,173,173,7,523.9028500000001,SAT,1
structured40_auto:PF:l_sw19_sw27,structured40_auto,40,PF,,40,172,173,760,163,163,7,558.96928,SAT,1
structured40_auto:PF:l_sw19_sw29,structured40_auto,40,PF,,40,168,169,766,181,181,7,542.783906,SAT,1
structured40_auto:PF:l_sw21_sw22,structured40_auto,40,PF,,40,164,165,748,175,175,7,518.716878,SAT,1
structured40_auto:PF:l_sw21_sw29,structured40_auto,40,PF,,40,172,173,781,184,184,7,563.256224,SAT,1
structured40_auto:PF:l_sw22_sw23,structured40_auto,40,PF,,40,164,165,746,173,173,7,519.2775809999999,SAT,1
structured40_auto:PF:l_sw23_sw25,structured40_auto,40,PF,,40,176,177,742,133,133,5,709.536791,SAT,1
structured40_auto:PF:l_sw23_sw31,structured40_auto,40,PF,,40,176,177,760,151,151,5,577.344944,SAT,1
structured40_auto:PF:l_sw25_sw33,structured40_auto,40,PF,,40,170,171,745,154,154,6,544.78872,SAT,1
structured40_auto:PF:l_sw27_sw35,structured40_auto,40,PF,,40,168,169,747,162,162,7,535.262488,SAT,1
structured40_auto:PF:l_sw29_sw37,structured40_auto,40,PF,,40,170,171,752,161,161,7,550.520542,SAT,1
structured40_auto:PF:l_sw31_sw39,structured40_auto,40,PF,,40,170,171,748,157,157,6,543.7304800000001,SAT,1
structured40_auto:SHARED:J020:05053e23a7b8c138,structured40_auto,40,SHARED,J020,40,164,165,742,169,169,7,511.08564199999995,SAT,1
structured40_auto:SHARED:J020:07ea48b4886dd1e4,structured40_auto,40,SHARED,J020,40,178,179,789,174,174,7,603.8669610000001,SAT,1
structured40_auto:SHARED:J020:0fd594162e2ef1d7,structured40_auto,40,SHARED,J020,40,168,169,750,165,165,7,543.104283,SAT,1
structured40_auto:SHARED:J020:295034074a6192ad,structured40_auto,40,SHARED,J020,40,176,177,751,142,142,5,849.36478,SAT,1
structured40_auto:SHARED:J020:3b2a7841618410db,structured40_auto,40,SHARED,J020,40,164,165,748,175,175,7,520.942753,SAT,1
structured40_auto:SHARED:J020:5331421013021212,structured40_auto,40,SHARED,J020,40,164,165,753,180,180,7,521.0638,SAT,1
structured40_auto:SHARED:J020:5adb5d1015736931,structured40_auto,40,SHARED,J020,40,174,175,775,172,172,7,576.6641179999999,SAT,1
structured40_auto:SHARED:J020:69c9b0afff3dcb14,structured40_auto,40,SHARED,J020,40,172,173,775,178,178,7,563.957927,SAT,1
structured40_auto:SHARED:J020:840f3d337674c80d,structured40_auto,40,SHARED,J020,40,178,179,813,198,198,7,603.224627,SAT,1
structured40_auto:SHARED:J020:d63e56304fe621ca,structured40_auto,40,SHARED,J020,40,180,181,767,146,146,6,596.260188,SAT,1
structured40_auto:SHARED:J020:dc76c19af23d27a8,structured40_auto,40,SHARED,J020,40,168,169,767,182,182,7,540.6383609999999,SAT,1
structured40_auto:SHARED:J020:fdcc4b526eb692b1,structured40_auto,40,SHARED,J020,40,164,165,736,163,163,6,800.3343040000001,SAT,1
structured40_auto:SHARED:J040:05053e23a7b8c138,structured40_auto,40,SHARED,J040,40,164,165,742,169,169,7,516.590123,SAT,1
structured40_auto:SHARED:J040:07ea48b4886dd1e4,structured40_auto,40,SHARED,J040,40,178,179,789,174,174,7,601.833313,SAT,1
structured40_auto:SHARED:J040:295034074a6192ad,structured40_auto,40,SHARED,J040,40,176,177,751,142,142,5,840.6951660000001,SAT,1
structured40_auto:SHARED:J040:3b2a7841618410db,structured40_auto,40,SHARED,J040,40,164,165,748,175,175,7,520.504822,SAT,1
structured40_auto:SHARED:J040:49e38987bf5d301c,structured40_auto,40,SHARED,J040,40,180,181,765,144,144,6,603.3115650000001,SAT,1
structured40_auto:SHARED:J040:5331421013021212,structured40_auto,40,SHARED,J040,40,164,165,753,180,180,7,522.127595,SAT,1
structured40_auto:SHARED:J040:5adb5d1015736931,structured40_auto,40,SHARED,J040,40,174,175,775,172,172,7,569.547817,SAT,1
structured40_auto:SHARED:J040:616d32da7c6a3168,structured40_auto,40,SHARED,J040,40,164,165,748,175,175,7,523.259701,SAT,1
structured40_auto:SHARED:J040:69c9b0afff3dcb14,structured40_auto,40,SHARED,J040,40,172,173,775,178,178,7,561.19353,SAT,1
structured40_auto:SHARED:J040:7aba9fb12e621338,structured40_auto,40,SHARED,J040,40,164,165,756,183,183,7,518.7842430000001,SAT,1
structured40_auto:SHARED:J040:fdcc4b526eb692b1,structured40_auto,40,SHARED,J040,40,164,165,736,163,163,6,792.043795,SAT,1
structured40_auto:SHARED:J100:05053e23a7b8c138,structured40_auto,40,SHARED,J100,40,164,165,742,169,169,7,513.576012,SAT,1
structured40_auto:SHARED:J100:3b2a7841618410db,structured40_auto,40,SHARED,J100,40,164,165,748,175,175,7,518.175932,SAT,1
structured40_auto:SHARED:J100:5331421013021212,structured40_auto,40,SHARED,J100,40,164,165,753,180,180,7,521.7386819999999,SAT,1
structured40_auto:SHARED:J100:616d32da7c6a3168,structured40_auto,40,SHARED,J100,40,164,165,748,175,175,7,522.45313,SAT,1
structured40_auto:SHARED:J100:7aba9fb12e621338,structured40_auto,40,SHARED,J100,40,164,165,756,183,183,7,520.642881,SAT,1
structured40_auto:SHARED:J100:fdcc4b526eb692b1,structured40_auto,40,SHARED,J100,40,164,165,736,163,163,6,798.7805420000001,SAT,1
structured50_auto:P0,structured50_auto,50,P0,,50,280,281,1346,405,405,10,2191.0639779999997,SAT,3
structured50_auto:PF:l_sw01_sw02,structured50_auto,50,PF,,50,280,281,1352,411,411,11,2053.1269970000003,SAT,1
structured50_auto:PF:l_sw01_sw11,structured50_auto,50,PF,,50,282,283,1333,386,386,10,1543.15877,SAT,1
structured50_auto:PF:l_sw01_sw13,structured50_auto,50,PF,,50,282,283,1314,367,367,10,1529.9112690000002,SAT,1
structured50_auto:PF:l_sw02_sw03,structured50_auto,50,PF,,50,280,281,1335,394,394,10,2345.635217,SAT,1
structured50_auto:PF:l_sw03_sw04,structured50_auto,50,PF,,50,282,283,1379,432,432,10,2278.889475,SAT,1
structured50_auto:PF:l_sw03_sw13,structured50_auto,50,PF,,50,280,281,1346,405,405,10,2068.463749,SAT,1
structured50_auto:PF:l_sw04_sw05,structured50_auto,50,PF,,50,282,283,1366,419,419,10,2315.02614,SAT,1
structured50_auto:PF:l_sw05_sw06,structured50_auto,50,PF,,50,280,281,1338,397,397,10,2148.660633,SAT,1
structured50_auto:PF:l_sw05_sw15,structured50_auto,50,PF,,50,280,281,1331,390,390,10,2222.136433,SAT,1
structured50_auto:PF:l_sw05_sw17,structured50_auto,50,PF,,50,284,285,1348,395,395,10,2155.2151209999997,SAT,1
structured50_auto:PF:l_sw06_sw07,structured50_auto,50,PF,,50,280,281,1343,402,402,10,1779.697692,SAT,1
structured50_auto:PF:l_sw07_sw08,structured50_auto,50,PF,,50,282,283,1362,415,415,10,2267.0116980000003,SAT,1
structured50_auto:PF:l_sw07_sw17,structured50_auto,50,PF,,50,280,281,1346,405,405,10,1924.800306,SAT,1
structured50_auto:PF:l_sw08_sw09,structured50_auto,50,PF,,50,282,283,1381,434,434,10,2303.248478,SAT,1
structured50_auto:PF:l_sw09_sw10,structured50_auto,50,PF,,50,280,281,1351,410,410,10,1634.147389,SAT,1
structured50_auto:PF:l_sw09_sw11,structured50_auto,50,PF,,50,288,289,1347,382,382,11,2142.776602,SAT,1
structured50_auto:PF:l_sw09_sw19,structured50_auto,50,PF,,50,284,285,1303,350,350,7,2099.330098,SAT,1
structured50_auto:PF:l_sw10_sw20,structured50_auto,50,PF,,50,280,281,1351,410,410,10,1634.762666,SAT,1
structured50_auto:PF:l_sw11_sw12,structured50_auto,50,PF,,50,280,281,1341,400,400,10,2267.017236,SAT,1
structured50_auto:PF:l_sw11_sw21,structured50_auto,50,PF,,50,284,285,1314,361,361,7,2133.430402,SAT,1
structured50_auto:PF:l_sw12_sw24,structured50_auto,50,PF,,50,280,281,1343,402,402,10,2047.11767,SAT,1
structured50_auto:PF:l_sw13_sw14,structured50_auto,50,PF,,50,280,281,1319,378,378,10,2206.0633780000003,SAT,1
structured50_auto:PF:l_sw13_sw23,structured50_auto,50,PF,,50,286,287,1376,417,417,11,1582.0864960000001,SAT,1
structured50_auto:PF:l_sw14_sw15,structured50_auto,50,PF,,50,280,281,1325,384,384,10,2259.665671,SAT,1
structured50_auto:PF:l_sw15_sw25,structured50_auto,50,PF,,50,280,281,1324,383,383,10,1891.362907,SAT,1
structured50_auto:PF:l_sw17_sw18,structured50_auto,50,PF,,50,280,281,1337,396,396,10,2248.383537,SAT,1
structured50_auto:PF:l_sw17_sw27,structured50_auto,50,PF,,50,286,287,1363,404,404,10,2158.7677479999998,SAT,1
structured50_auto:PF:l_sw18_sw19,structured50_auto,50,PF,,50,280,281,1344,403,403,10,2155.225762,SAT,1
structured50_auto:PF:l_sw19_sw20,structured50_auto,50,PF,,50,284,285,1391,438,438,11,2337.79284,SAT,1
structured50_auto:PF:l_sw19_sw29,structured50_auto,50,PF,,50,284,285,1287,334,334,7,2057.031442,SAT,1
structured50_auto:PF:l_sw20_sw22,structured50_auto,50,PF,,50,284,285,1400,447,447,11,1674.713083,SAT,1
structured50_auto:PF:l_sw21_sw22,structured50_auto,50,PF,,50,282,283,1375,428,428,11,1724.983715,SAT,1
structured50_auto:PF:l_sw21_sw31,structured50_auto,50,PF,,50,284,285,1299,346,346,8,2114.259079,SAT,1
structured50_auto:PF:l_sw22_sw23,structured50_auto,50,PF,,50,284,285,1383,430,430,11,2221.3902980000003,SAT,1
structured50_auto:PF:l_sw23_sw33,structured50_auto,50,PF,,50,280,281,1302,361,361,10,1545.34997,SAT,1
structured50_auto:PF:l_sw23_sw35,structured50_auto,50,PF,,50,290,291,1409,438,438,11,2209.349155,SAT,1
structured50_auto:PF:l_sw24_sw34,structured50_auto,50,PF,,50,280,281,1347,406,406,10,1648.361108,SAT,1
structured50_auto:PF:l_sw25_sw26,structured50_auto,50,PF,,50,282,283,1371,424,424,10,2126.907589,SAT,1
structured50_auto:PF:l_sw25_sw35,structured50_auto,50,PF,,50,280,281,1339,398,398,10,2148.539212,SAT,1
structured50_auto:PF:l_sw26_sw27,structured50_auto,50,PF,,50,282,283,1369,422,422,10,2095.445754,SAT,1
structured50_auto:PF:l_sw27_sw37,structured50_auto,50,PF,,50,280,281,1331,390,390,10,2064.9555020000003,SAT,1
structured50_auto:PF:l_sw27_sw39,structured50_auto,50,PF,,50,286,287,1359,400,400,10,2374.117893,SAT,1
structured50_auto:PF:l_sw29_sw39,structured50_auto,50,PF,,50,282,283,1307,360,360,9,2169.5057699999998,SAT,1
structured50_auto:PF:l_sw31_sw41,structured50_auto,50,PF,,50,280,281,1283,342,342,8,2253.964551,SAT,1
structured50_auto:PF:l_sw33_sw43,structured50_auto,50,PF,,50,280,281,1322,381,381,10,2090.8437540000004,SAT,1
structured50_auto:PF:l_sw34_sw46,structured50_auto,50,PF,,50,280,281,1349,408,408,10,1672.278297,SAT,1
structured50_auto:PF:l_sw35_sw36,structured50_auto,50,PF,,50,282,283,1383,436,436,11,1567.926039,SAT,1
structured50_auto:PF:l_sw35_sw45,structured50_auto,50,PF,,50,286,287,1345,386,386,10,1664.0200009999999,SAT,1
structured50_auto:PF:l_sw36_sw37,structured50_auto,50,PF,,50,282,283,1383,436,436,11,1574.408125,SAT,1
structured50_auto:PF:l_sw37_sw47,structured50_auto,50,PF,,50,280,281,1334,393,393,10,2046.491906,SAT,1
structured50_auto:PF:l_sw39_sw49,structured50_auto,50,PF,,50,284,285,1326,373,373,10,1966.299719,SAT,1
structured50_auto:PF:l_sw46_sw47,structured50_auto,50,PF,,50,280,281,1349,408,408,10,1682.408646,SAT,1
structured50_auto:SHARED:J020:031965eb7d15aa73,structured50_auto,50,SHARED,J020,50,286,287,1324,365,365,10,2245.232055,SAT,1
structured50_auto:SHARED:J020:1bcc5217c7acb3cd,structured50_auto,50,SHARED,J020,50,286,287,1363,404,404,10,2062.659804,SAT,1
structured50_auto:SHARED:J020:26e29479970398a4,structured50_auto,50,SHARED,J020,50,288,289,1372,407,407,10,1631.3269480000001,SAT,1
structured50_auto:SHARED:J020:316c1b9331ad1631,structured50_auto,50,SHARED,J020,50,282,283,1340,393,393,10,2141.504761,SAT,1
structured50_auto:SHARED:J020:3923eef7da4e542d,structured50_auto,50,SHARED,J020,50,286,287,1344,385,385,10,1819.2852690000002,SAT,1
structured50_auto:SHARED:J020:4b8b73406bb110e3,structured50_auto,50,SHARED,J020,50,288,289,1316,351,351,11,2037.2494479999998,SAT,1
structured50_auto:SHARED:J020:510db860be93d536,structured50_auto,50,SHARED,J020,50,280,281,1318,377,377,10,2043.699267,SAT,1
structured50_auto:SHARED:J020:5331421013021212,structured50_auto,50,SHARED,J020,50,280,281,1343,402,402,10,1770.668637,SAT,1
structured50_auto:SHARED:J020:5d3f41d3c3ea6042,structured50_auto,50,SHARED,J020,50,280,281,1294,353,353,10,2011.0649440000002,SAT,1
structured50_auto:SHARED:J020:616d32da7c6a3168,structured50_auto,50,SHARED,J020,50,280,281,1344,403,403,10,2154.932858,SAT,1
structured50_auto:SHARED:J020:6806b2d1262321a2,structured50_auto,50,SHARED,J020,50,280,281,1351,410,410,10,1637.15719,SAT,1
structured50_auto:SHARED:J020:745e05b3b0aeca48,structured50_auto,50,SHARED,J020,50,284,285,1290,337,337,7,2024.38504,SAT,1
structured50_auto:SHARED:J020:7f7e9353d8311c09,structured50_auto,50,SHARED,J020,50,280,281,1349,408,408,10,1680.221008,SAT,1
structured50_auto:SHARED:J020:88e2ead9b7397f9c,structured50_auto,50,SHARED,J020,50,290,291,1409,438,438,11,2212.62264,SAT,1
structured50_auto:SHARED:J020:95831ea67281abdc,structured50_auto,50,SHARED,J020,50,286,287,1432,473,473,12,2194.231763,SAT,1
structured50_auto:SHARED:J020:b7747fbd5fad06d5,structured50_auto,50,SHARED,J020,50,280,281,1325,384,384,10,2307.544875,SAT,1
structured50_auto:SHARED:J020:d64d410f397a1696,structured50_auto,50,SHARED,J020,50,284,285,1364,411,411,10,2307.039293,SAT,1
structured50_auto:SHARED:J020:f2e6898904481fc4,structured50_auto,50,SHARED,J020,50,282,283,1341,394,394,10,2082.046653,SAT,1
structured50_auto:SHARED:J020:fdcc4b526eb692b1,structured50_auto,50,SHARED,J020,50,280,281,1364,423,423,10,2171.3843810000003,SAT,1
structured50_auto:SHARED:J040:00e10ec6d668845e,structured50_auto,50,SHARED,J040,50,280,281,1319,378,378,10,2115.233303,SAT,1
structured50_auto:SHARED:J040:1bcc5217c7acb3cd,structured50_auto,50,SHARED,J040,50,286,287,1363,404,404,10,2062.341347,SAT,1
structured50_auto:SHARED:J040:510db860be93d536,structured50_auto,50,SHARED,J040,50,280,281,1318,377,377,10,2050.819396,SAT,1
structured50_auto:SHARED:J040:5331421013021212,structured50_auto,50,SHARED,J040,50,280,281,1343,402,402,10,1784.1643860000001,SAT,1
structured50_auto:SHARED:J040:5d3f41d3c3ea6042,structured50_auto,50,SHARED,J040,50,280,281,1294,353,353,10,2003.003507,SAT,1
structured50_auto:SHARED:J040:616d32da7c6a3168,structured50_auto,50,SHARED,J040,50,280,281,1344,403,403,10,2151.07327,SAT,1
structured50_auto:SHARED:J040:6394885934c5990e,structured50_auto,50,SHARED,J040,50,284,285,1338,385,385,10,1555.678705,SAT,1
structured50_auto:SHARED:J040:6806b2d1262321a2,structured50_auto,50,SHARED,J040,50,280,281,1351,410,410,10,1643.626897,SAT,1
structured50_auto:SHARED:J040:745e05b3b0aeca48,structured50_auto,50,SHARED,J040,50,284,285,1290,337,337,7,2020.130219,SAT,1
structured50_auto:SHARED:J040:7f7e9353d8311c09,structured50_auto,50,SHARED,J040,50,280,281,1349,408,408,10,1681.870745,SAT,1
structured50_auto:SHARED:J040:95831ea67281abdc,structured50_auto,50,SHARED,J040,50,286,287,1432,473,473,12,2183.354363,SAT,1
structured50_auto:SHARED:J040:acc0955611463d9b,structured50_auto,50,SHARED,J040,50,282,283,1371,424,424,10,2115.6881940000003,SAT,1
structured50_auto:SHARED:J040:b7747fbd5fad06d5,structured50_auto,50,SHARED,J040,50,280,281,1325,384,384,10,2302.526718,SAT,1
structured50_auto:SHARED:J040:d64d410f397a1696,structured50_auto,50,SHARED,J040,50,284,285,1364,411,411,10,2318.8526939999997,SAT,1
structured50_auto:SHARED:J040:df37ad68610bd748,structured50_auto,50,SHARED,J040,50,282,283,1383,436,436,11,1569.939811,SAT,1
structured50_auto:SHARED:J040:f10c04e1376bc11d,structured50_auto,50,SHARED,J040,50,284,285,1285,332,332,7,2010.614772,SAT,1
structured50_auto:SHARED:J040:f2e6898904481fc4,structured50_auto,50,SHARED,J040,50,282,283,1341,394,394,10,2119.807309,SAT,1
structured50_auto:SHARED:J040:fdcc4b526eb692b1,structured50_auto,50,SHARED,J040,50,280,281,1364,423,423,10,2135.802643,SAT,1
structured50_auto:SHARED:J100:376f030e655e287f,structured50_auto,50,SHARED,J100,50,282,283,1389,442,442,10,2070.315223,SAT,1
structured50_auto:SHARED:J100:5331421013021212,structured50_auto,50,SHARED,J100,50,280,281,1343,402,402,10,1779.399185,SAT,1
structured50_auto:SHARED:J100:616d32da7c6a3168,structured50_auto,50,SHARED,J100,50,280,281,1344,403,403,10,2165.9225659999997,SAT,1
structured50_auto:SHARED:J100:6806b2d1262321a2,structured50_auto,50,SHARED,J100,50,280,281,1351,410,410,10,1629.849142,SAT,1
structured50_auto:SHARED:J100:7aba9fb12e621338,structured50_auto,50,SHARED,J100,50,282,283,1378,431,431,10,2050.439364,SAT,1
structured50_auto:SHARED:J100:7f7e9353d8311c09,structured50_auto,50,SHARED,J100,50,280,281,1349,408,408,10,1692.0444029999999,SAT,1
structured50_auto:SHARED:J100:acc0955611463d9b,structured50_auto,50,SHARED,J100,50,282,283,1371,424,424,10,2121.744125,SAT,1
structured50_auto:SHARED:J100:b7747fbd5fad06d5,structured50_auto,50,SHARED,J100,50,280,281,1325,384,384,10,2301.539925,SAT,1
structured50_auto:SHARED:J100:df37ad68610bd748,structured50_auto,50,SHARED,J100,50,282,283,1383,436,436,11,1567.331631,SAT,1
structured50_auto:SHARED:J100:fdcc4b526eb692b1,structured50_auto,50,SHARED,J100,50,280,281,1364,423,423,10,2140.740835,SAT,1
structured60_auto:P0,structured60_auto,60,P0,,60,332,333,1743,626,626,14,4339.585533,SAT,3
structured60_auto:PF:l_sw01_sw02,structured60_auto,60,PF,,60,332,333,1722,605,605,14,4027.532161,SAT,1
structured60_auto:PF:l_sw01_sw13,structured60_auto,60,PF,,60,334,335,1697,574,574,13,5667.844865,SAT,1
structured60_auto:PF:l_sw01_sw15,structured60_auto,60,PF,,60,334,335,1718,595,595,14,4227.64307,SAT,1
structured60_auto:PF:l_sw02_sw03,structured60_auto,60,PF,,60,332,333,1773,656,656,14,4524.742618,SAT,1
structured60_auto:PF:l_sw03_sw04,structured60_auto,60,PF,,60,334,335,1776,653,653,14,4523.363337,SAT,1
structured60_auto:PF:l_sw03_sw15,structured60_auto,60,PF,,60,332,333,1743,626,626,14,4075.414534,SAT,1
structured60_auto:PF:l_sw04_sw05,structured60_auto,60,PF,,60,334,335,1753,630,630,14,4338.886949,SAT,1
structured60_auto:PF:l_sw05_sw06,structured60_auto,60,PF,,60,332,333,1731,614,614,14,4438.644017,SAT,1
structured60_auto:PF:l_sw05_sw17,structured60_auto,60,PF,,60,332,333,1723,606,606,14,4285.279991,SAT,1
structured60_auto:PF:l_sw05_sw19,structured60_auto,60,PF,,60,336,337,1742,613,613,14,4363.604863,SAT,1
structured60_auto:PF:l_sw06_sw07,structured60_auto,60,PF,,60,332,333,1743,626,626,14,4838.749262,SAT,1
structured60_auto:PF:l_sw07_sw08,structured60_auto,60,PF,,60,334,335,1777,654,654,14,4580.288069,SAT,1
structured60_auto:PF:l_sw07_sw19,structured60_auto,60,PF,,60,332,333,1743,626,626,14,4697.128672,SAT,1
structured60_auto:PF:l_sw08_sw09,structured60_auto,60,PF,,60,334,335,1803,680,680,14,4456.303980000001,SAT,1
structured60_auto:PF:l_sw09_sw10,structured60_auto,60,PF,,60,332,333,1735,618,618,14,4159.988505,SAT,1
structured60_auto:PF:l_sw09_sw21,structured60_auto,60,PF,,60,332,333,1728,611,611,14,4795.997579,SAT,1
structured60_auto:PF:l_sw09_sw23,structured60_auto,60,PF,,60,338,339,1767,632,632,14,4348.995465,SAT,1
structured60_auto:PF:l_sw10_sw11,structured60_auto,60,PF,,60,332,333,1757,640,640,14,4524.9696730000005,SAT,1
structured60_auto:PF:l_sw11_sw23,structured60_auto,60,PF,,60,336,337,1771,642,642,14,4967.916219,SAT,1
structured60_auto:PF:l_sw13_sw14,structured60_auto,60,PF,,60,332,333,1787,670,670,15,4415.611654,SAT,1
structured60_auto:PF:l_sw13_sw25,structured60_auto,60,PF,,60,336,337,1719,590,590,13,5088.303681,SAT,1
structured60_auto:PF:l_sw14_sw28,structured60_auto,60,PF,,60,332,333,1787,670,670,15,4428.917981,SAT,1
structured60_auto:PF:l_sw15_sw16,structured60_auto,60,PF,,60,332,333,1719,602,602,14,4919.341488,SAT,1
structured60_auto:PF:l_sw15_sw27,structured60_auto,60,PF,,60,338,339,1757,622,622,14,4857.916187,SAT,1
structured60_auto:PF:l_sw16_sw17,structured60_auto,60,PF,,60,332,333,1702,585,585,14,4121.826815,SAT,1
structured60_auto:PF:l_sw17_sw29,structured60_auto,60,PF,,60,332,333,1714,597,597,14,4174.575454,SAT,1
structured60_auto:PF:l_sw19_sw20,structured60_auto,60,PF,,60,332,333,1721,604,604,14,4147.1081349999995,SAT,1
structured60_auto:PF:l_sw19_sw31,structured60_auto,60,PF,,60,340,341,1772,631,631,14,4867.463365,SAT,1
structured60_auto:PF:l_sw20_sw21,structured60_auto,60,PF,,60,332,333,1714,597,597,14,4244.41175,SAT,1
structured60_auto:PF:l_sw21_sw33,structured60_auto,60,PF,,60,332,333,1722,605,605,14,4421.948804000001,SAT,1
structured60_auto:PF:l_sw23_sw35,structured60_auto,60,PF,,60,344,345,1803,650,650,13,4397.280291,SAT,1
structured60_auto:PF:l_sw25_sw26,structured60_auto,60,PF,,60,334,335,1769,646,646,14,4260.823353,SAT,1
structured60_auto:PF:l_sw25_sw37,structured60_auto,60,PF,,60,340,341,1723,582,582,12,4277.480335,SAT,1
structured60_auto:PF:l_sw26_sw27,structured60_auto,60,PF,,60,334,335,1773,650,650,14,5544.03488,SAT,1
structured60_auto:PF:l_sw27_sw39,structured60_auto,60,PF,,60,332,333,1719,602,602,14,4643.384269,SAT,1
structured60_auto:PF:l_sw27_sw41,structured60_auto,60,PF,,60,340,341,1781,640,640,14,4051.4437790000006,SAT,1
structured60_auto:PF:l_sw28_sw29,structured60_auto,60,PF,,60,332,333,1787,670,670,15,4452.016297,SAT,1
structured60_auto:PF:l_sw29_sw30,structured60_auto,60,PF,,60,334,335,1818,695,695,15,4329.807531,SAT,1
structured60_auto:PF:l_sw29_sw41,structured60_auto,60,PF,,60,332,333,1729,612,612,14,4546.6664789999995,SAT,1
structured60_auto:PF:l_sw30_sw31,structured60_auto,60,PF,,60,334,335,1816,693,693,15,5275.226632,SAT,1
structured60_auto:PF:l_sw31_sw43,structured60_auto,60,PF,,60,332,333,1722,605,605,14,4700.299081,SAT,1
structured60_auto:PF:l_sw31_sw45,structured60_auto,60,PF,,60,340,341,1824,683,683,15,4674.771347,SAT,1
structured60_auto:PF:l_sw33_sw34,structured60_auto,60,PF,,60,332,333,1700,583,583,13,5538.927593,SAT,1
structured60_auto:PF:l_sw33_sw45,structured60_auto,60,PF,,60,332,333,1738,621,621,14,4642.398491,SAT,1
structured60_auto:PF:l_sw34_sw35,structured60_auto,60,PF,,60,332,333,1704,587,587,13,5073.611187,SAT,1
structured60_auto:PF:l_sw35_sw37,structured60_auto,60,PF,,60,356,357,1719,530,530,12,2769.1335019999997,SAT,1
structured60_auto:PF:l_sw35_sw47,structured60_auto,60,PF,,60,336,337,1645,516,516,10,3108.602366,SAT,1
structured60_auto:PF:l_sw37_sw38,structured60_auto,60,PF,,60,334,335,1745,622,622,13,4587.083338,SAT,1
structured60_auto:PF:l_sw37_sw49,structured60_auto,60,PF,,60,334,335,1661,538,538,13,4023.128702,SAT,1
structured60_auto:PF:l_sw38_sw39,structured60_auto,60,PF,,60,334,335,1766,643,643,14,4317.931456,SAT,1
structured60_auto:PF:l_sw39_sw51,structured60_auto,60,PF,,60,332,333,1724,607,607,14,4579.735003,SAT,1
structured60_auto:PF:l_sw41_sw42,structured60_auto,60,PF,,60,334,335,1764,641,641,14,4805.1879819999995,SAT,1
structured60_auto:PF:l_sw41_sw53,structured60_auto,60,PF,,60,336,337,1725,596,596,14,2954.3012320000003,SAT,1
structured60_auto:PF:l_sw42_sw43,structured60_auto,60,PF,,60,334,335,1764,641,641,14,4790.861598,SAT,1
structured60_auto:PF:l_sw43_sw55,structured60_auto,60,PF,,60,332,333,1720,603,603,14,4463.5792360000005,SAT,1
structured60_auto:PF:l_sw45_sw46,structured60_auto,60,PF,,60,334,335,1765,642,642,14,4570.845103,SAT,1
structured60_auto:PF:l_sw45_sw57,structured60_auto,60,PF,,60,336,337,1737,608,608,14,5353.093207999999,SAT,1
structured60_auto:PF:l_sw46_sw47,structured60_auto,60,PF,,60,334,335,1765,642,642,14,4593.196123000001,SAT,1
structured60_auto:PF:l_sw47_sw59,structured60_auto,60,PF,,60,334,335,1690,567,567,12,4081.705024,SAT,1
structured60_auto:SHARED:J020:0577e01e16101338,structured60_auto,60,SHARED,J020,60,332,333,1706,589,589,14,4440.9714380000005,SAT,1
structured60_auto:SHARED:J020:0590f3085ba3eb8f,structured60_auto,60,SHARED,J020,60,332,333,1716,599,599,14,4009.573109,SAT,1
structured60_auto:SHARED:J020:35c153fe94684fd2,structured60_auto,60,SHARED,J020,60,340,341,1754,613,613,12,6307.273337,SAT,1
structured60_auto:SHARED:J020:3d24bf3f399b096c,structured60_auto,60,SHARED,J020,60,332,333,1707,590,590,13,4654.005674999999,SAT,1
structured60_auto:SHARED:J020:572fcf64bbb7b658,structured60_auto,60,SHARED,J020,60,340,341,1824,683,683,15,4410.249055,SAT,1
structured60_auto:SHARED:J020:590653e5fd3802fc,structured60_auto,60,SHARED,J020,60,340,341,1781,640,640,14,3793.599763,SAT,1
structured60_auto:SHARED:J020:6365c9a903430c0a,structured60_auto,60,SHARED,J020,60,332,333,1757,640,640,14,4363.346745000001,SAT,1
structured60_auto:SHARED:J020:8ac4211873210d3d,structured60_auto,60,SHARED,J020,60,336,337,1629,500,500,10,2910.763582,SAT,1
structured60_auto:SHARED:J020:946b2d8ff57bbd4e,structured60_auto,60,SHARED,J020,60,336,337,1725,596,596,14,4911.088895,SAT,1
structured60_auto:SHARED:J020:982ef513866b5118,structured60_auto,60,SHARED,J020,60,340,341,1741,600,600,14,2564.890126,SAT,1
structured60_auto:SHARED:J020:a0ad95374738350e,structured60_auto,60,SHARED,J020,60,336,337,1739,610,610,14,3805.575107,SAT,1
structured60_auto:SHARED:J020:acc0955611463d9b,structured60_auto,60,SHARED,J020,60,334,335,1776,653,653,14,2493.318891,SAT,1
structured60_auto:SHARED:J020:b489eae622126439,structured60_auto,60,SHARED,J020,60,334,335,1818,695,695,15,4026.050422,SAT,1
structured60_auto:SHARED:J020:c527d7bc5f2fbe29,structured60_auto,60,SHARED,J020,60,336,337,1725,596,596,12,4287.222589999999,SAT,1
structured60_auto:SHARED:J020:d8010ef5432c7973,structured60_auto,60,SHARED,J020,60,342,343,1797,650,650,14,4866.017363,SAT,1
structured60_auto:SHARED:J020:e113252fd274ae0d,structured60_auto,60,SHARED,J020,60,344,345,1801,648,648,13,4493.743058,SAT,1
structured60_auto:SHARED:J020:f03cd43d32bdfd14,structured60_auto,60,SHARED,J020,60,334,335,1691,568,568,14,4478.7867590000005,SAT,1
structured60_auto:SHARED:J040:01209e44e9f0ad8c,structured60_auto,60,SHARED,J040,60,334,335,1764,641,641,14,4793.2069249999995,SAT,1
structured60_auto:SHARED:J040:0590f3085ba3eb8f,structured60_auto,60,SHARED,J040,60,332,333,1716,599,599,14,4278.42504,SAT,1
structured60_auto:SHARED:J040:06214862f3cd0a90,structured60_auto,60,SHARED,J040,60,334,335,1765,642,642,14,4569.8597469999995,SAT,1
structured60_auto:SHARED:J040:0b72756323b9a1f0,structured60_auto,60,SHARED,J040,60,334,335,1745,622,622,13,4571.402583,SAT,1
structured60_auto:SHARED:J040:0ca7ea56f4fbb271,structured60_auto,60,SHARED,J040,60,332,333,1787,670,670,15,4548.046571999999,SAT,1
structured60_auto:SHARED:J040:243352c672997b29,structured60_auto,60,SHARED,J040,60,332,333,1710,593,593,14,4346.812937000001,SAT,1
structured60_auto:SHARED:J040:269478d72ce5dba2,structured60_auto,60,SHARED,J040,60,334,335,1818,695,695,15,4294.3275459999995,SAT,1
structured60_auto:SHARED:J040:2d75b06756aacbbb,structured60_auto,60,SHARED,J040,60,332,333,1714,597,597,14,4158.9395939999995,SAT,1
structured60_auto:SHARED:J040:3d24bf3f399b096c,structured60_auto,60,SHARED,J040,60,332,333,1707,590,590,13,4940.6997759999995,SAT,1
structured60_auto:SHARED:J040:4e8ab30b2b8576ef,structured60_auto,60,SHARED,J040,60,334,335,1724,601,601,14,4259.180615,SAT,1
structured60_auto:SHARED:J040:5331421013021212,structured60_auto,60,SHARED,J040,60,332,333,1743,626,626,14,5229.082404,SAT,1
structured60_auto:SHARED:J040:5c50a2ac2b933a39,structured60_auto,60,SHARED,J040,60,334,335,1773,650,650,14,4210.097095,SAT,1
structured60_auto:SHARED:J040:5ed9f14220ec1e69,structured60_auto,60,SHARED,J040,60,332,333,1702,585,585,14,4200.60152,SAT,1
structured60_auto:SHARED:J040:626d41c3ee1efb40,structured60_auto,60,SHARED,J040,60,338,339,1751,616,616,14,2449.278127,SAT,1
structured60_auto:SHARED:J040:6365c9a903430c0a,structured60_auto,60,SHARED,J040,60,332,333,1757,640,640,14,4542.771543,SAT,1
structured60_auto:SHARED:J040:8ac4211873210d3d,structured60_auto,60,SHARED,J040,60,336,337,1629,500,500,10,3074.61921,SAT,1
structured60_auto:SHARED:J040:a0ad95374738350e,structured60_auto,60,SHARED,J040,60,336,337,1739,610,610,14,4023.756838,SAT,1
structured60_auto:SHARED:J040:aac9b4d5db4a09a1,structured60_auto,60,SHARED,J040,60,340,341,1724,583,583,12,5638.476075,SAT,1
structured60_auto:SHARED:J040:acc0955611463d9b,structured60_auto,60,SHARED,J040,60,334,335,1776,653,653,14,2663.422595,SAT,1
structured60_auto:SHARED:J040:c46dee8a74d54850,structured60_auto,60,SHARED,J040,60,340,341,1766,625,625,14,3780.687978,SAT,1
structured60_auto:SHARED:J040:e113252fd274ae0d,structured60_auto,60,SHARED,J040,60,344,345,1801,648,648,13,4988.937857,SAT,1
structured60_auto:SHARED:J040:fdcc4b526eb692b1,structured60_auto,60,SHARED,J040,60,332,333,1773,656,656,14,4495.042327,SAT,1
structured60_auto:SHARED:J100:01209e44e9f0ad8c,structured60_auto,60,SHARED,J100,60,334,335,1764,641,641,14,4971.544748,SAT,1
structured60_auto:SHARED:J100:06214862f3cd0a90,structured60_auto,60,SHARED,J100,60,334,335,1765,642,642,14,4776.0094899999995,SAT,1
structured60_auto:SHARED:J100:0b72756323b9a1f0,structured60_auto,60,SHARED,J100,60,334,335,1745,622,622,13,4583.200607,SAT,1
structured60_auto:SHARED:J100:0ca7ea56f4fbb271,structured60_auto,60,SHARED,J100,60,332,333,1787,670,670,15,4182.718065999999,SAT,1
structured60_auto:SHARED:J100:269478d72ce5dba2,structured60_auto,60,SHARED,J100,60,334,335,1818,695,695,15,4259.348884,SAT,1
structured60_auto:SHARED:J100:2d75b06756aacbbb,structured60_auto,60,SHARED,J100,60,332,333,1714,597,597,14,4006.8096779999996,SAT,1
structured60_auto:SHARED:J100:376f030e655e287f,structured60_auto,60,SHARED,J100,60,334,335,1817,694,694,14,2265.740089,SAT,1
structured60_auto:SHARED:J100:3d24bf3f399b096c,structured60_auto,60,SHARED,J100,60,332,333,1707,590,590,13,4927.904098,SAT,1
structured60_auto:SHARED:J100:5331421013021212,structured60_auto,60,SHARED,J100,60,332,333,1743,626,626,14,4954.737156,SAT,1
structured60_auto:SHARED:J100:5ed9f14220ec1e69,structured60_auto,60,SHARED,J100,60,332,333,1702,585,585,14,3920.9722500000003,SAT,1
structured60_auto:SHARED:J100:6365c9a903430c0a,structured60_auto,60,SHARED,J100,60,332,333,1757,640,640,14,4346.068242,SAT,1
structured60_auto:SHARED:J100:7aba9fb12e621338,structured60_auto,60,SHARED,J100,60,334,335,1765,642,642,14,4416.216871,SAT,1
structured60_auto:SHARED:J100:acc0955611463d9b,structured60_auto,60,SHARED,J100,60,334,335,1776,653,653,14,2634.406055,SAT,1
structured60_auto:SHARED:J100:fdcc4b526eb692b1,structured60_auto,60,SHARED,J100,60,332,333,1773,656,656,14,4485.869874,SAT,1
structured80_auto:P0,structured80_auto,80,P0,,80,578,579,3465,1570,1570,22,20146.881376999998,SAT,3
structured80_auto:PF:l_sw01_sw02,structured80_auto,80,PF,,80,578,579,3433,1538,1538,22,13233.182991,SAT,1
structured80_auto:PF:l_sw01_sw17,structured80_auto,80,PF,,80,580,581,3411,1510,1510,21,20959.673769999998,SAT,1
structured80_auto:PF:l_sw01_sw19,structured80_auto,80,PF,,80,578,579,3438,1543,1543,22,13586.254078,SAT,1
structured80_auto:PF:l_sw02_sw03,structured80_auto,80,PF,,80,578,579,3435,1540,1540,21,23004.012379,SAT,1
structured80_auto:PF:l_sw03_sw04,structured80_auto,80,PF,,80,580,581,3528,1627,1627,22,12712.908448,SAT,1
structured80_auto:PF:l_sw03_sw19,structured80_auto,80,PF,,80,578,579,3449,1554,1554,22,18152.64273,SAT,1
structured80_auto:PF:l_sw04_sw05,structured80_auto,80,PF,,80,580,581,3594,1693,1693,22,12129.885640999999,SAT,1
structured80_auto:PF:l_sw05_sw06,structured80_auto,80,PF,,80,578,579,3437,1542,1542,22,13006.24107,SAT,1
structured80_auto:PF:l_sw05_sw21,structured80_auto,80,PF,,80,578,579,3444,1549,1549,22,18377.653857999998,SAT,1
structured80_auto:PF:l_sw05_sw23,structured80_auto,80,PF,,80,580,581,3451,1550,1550,22,19908.991718999998,SAT,1
structured80_auto:PF:l_sw06_sw07,structured80_auto,80,PF,,80,578,579,3459,1564,1564,22,11817.873321000001,SAT,1
structured80_auto:PF:l_sw07_sw08,structured80_auto,80,PF,,80,580,581,3543,1642,1642,22,12327.571962,SAT,1
structured80_auto:PF:l_sw07_sw23,structured80_auto,80,PF,,80,578,579,3449,1554,1554,22,17527.693783,SAT,1
structured80_auto:PF:l_sw08_sw09,structured80_auto,80,PF,,80,580,581,3536,1635,1635,22,18712.503305,SAT,1
structured80_auto:PF:l_sw09_sw10,structured80_auto,80,PF,,80,578,579,3439,1544,1544,22,28005.113894000002,SAT,1
structured80_auto:PF:l_sw09_sw25,structured80_auto,80,PF,,80,578,579,3492,1597,1597,22,18362.182523000003,SAT,1
structured80_auto:PF:l_sw09_sw27,structured80_auto,80,PF,,80,580,581,3515,1614,1614,22,16190.770927,SAT,1
structured80_auto:PF:l_sw10_sw11,structured80_auto,80,PF,,80,578,579,3489,1594,1594,22,12057.457122,SAT,1
structured80_auto:PF:l_sw11_sw12,structured80_auto,80,PF,,80,582,583,3565,1658,1658,22,23224.541893,SAT,1
structured80_auto:PF:l_sw11_sw27,structured80_auto,80,PF,,80,578,579,3453,1558,1558,22,21013.55846,SAT,1
structured80_auto:PF:l_sw12_sw13,structured80_auto,80,PF,,80,582,583,3583,1676,1676,22,11616.94412,SAT,1
structured80_auto:PF:l_sw13_sw14,structured80_auto,80,PF,,80,578,579,3443,1548,1548,22,12537.795601,SAT,1
structured80_auto:PF:l_sw13_sw29,structured80_auto,80,PF,,80,578,579,3506,1611,1611,22,19991.996757,SAT,1
structured80_auto:PF:l_sw13_sw31,structured80_auto,80,PF,,80,586,587,3548,1629,1629,22,22409.695937999997,SAT,1
structured80_auto:PF:l_sw14_sw15,structured80_auto,80,PF,,80,578,579,3483,1588,1588,22,19403.351565,SAT,1
structured80_auto:PF:l_sw15_sw31,structured80_auto,80,PF,,80,582,583,3497,1590,1590,22,13507.507051999999,SAT,1
structured80_auto:PF:l_sw17_sw18,structured80_auto,80,PF,,80,578,579,3557,1662,1662,23,13577.382799,SAT,1
structured80_auto:PF:l_sw17_sw33,structured80_auto,80,PF,,80,582,583,3480,1573,1573,21,,TIMEOUT,1
structured80_auto:PF:l_sw18_sw36,structured80_auto,80,PF,,80,578,579,3564,1669,1669,23,12891.662744,SAT,1
structured80_auto:PF:l_sw19_sw20,structured80_auto,80,PF,,80,578,579,3450,1555,1555,22,17250.195257000003,SAT,1
structured80_auto:PF:l_sw19_sw35,structured80_auto,80,PF,,80,580,581,3462,1561,1561,22,16058.134159000001,SAT,1
structured80_auto:PF:l_sw20_sw21,structured80_auto,80,PF,,80,578,579,3394,1499,1499,21,14676.357426999999,SAT,1
structured80_auto:PF:l_sw21_sw22,structured80_auto,80,PF,,80,578,579,3490,1595,1595,22,13648.740738,SAT,1
structured80_auto:PF:l_sw21_sw37,structured80_auto,80,PF,,80,578,579,3460,1565,1565,22,14792.971432,SAT,1
structured80_auto:PF:l_sw22_sw40,structured80_auto,80,PF,,80,578,579,3490,1595,1595,22,13729.461984,SAT,1
structured80_auto:PF:l_sw23_sw24,structured80_auto,80,PF,,80,578,579,3461,1566,1566,22,11885.32458,SAT,1
structured80_auto:PF:l_sw23_sw39,structured80_auto,80,PF,,80,582,583,3446,1539,1539,22,12810.632864000001,SAT,1
structured80_auto:PF:l_sw24_sw25,structured80_auto,80,PF,,80,578,579,3469,1574,1574,22,11340.896974,SAT,1
structured80_auto:PF:l_sw25_sw26,structured80_auto,80,PF,,80,578,579,3482,1587,1587,22,23808.796169,SAT,1
structured80_auto:PF:l_sw25_sw41,structured80_auto,80,PF,,80,578,579,3459,1564,1564,22,13693.59958,SAT,1
structured80_auto:PF:l_sw26_sw44,structured80_auto,80,PF,,80,578,579,3482,1587,1587,22,23695.299119000003,SAT,1
structured80_auto:PF:l_sw27_sw28,structured80_auto,80,PF,,80,578,579,3463,1568,1568,22,11796.618601,SAT,1
structured80_auto:PF:l_sw27_sw43,structured80_auto,80,PF,,80,582,583,3462,1555,1555,22,15239.583291,SAT,1
structured80_auto:PF:l_sw28_sw29,structured80_auto,80,PF,,80,578,579,3467,1572,1572,22,12370.137889,SAT,1
structured80_auto:PF:l_sw29_sw30,structured80_auto,80,PF,,80,580,581,3523,1622,1622,23,12255.797358,SAT,1
structured80_auto:PF:l_sw29_sw45,structured80_auto,80,PF,,80,578,579,3467,1572,1572,22,12956.05422,SAT,1
structured80_auto:PF:l_sw30_sw48,structured80_auto,80,PF,,80,580,581,3523,1622,1622,23,12291.534837000001,SAT,1
structured80_auto:PF:l_sw31_sw47,structured80_auto,80,PF,,80,590,591,3551,1620,1620,20,17329.281202000002,SAT,1
structured80_auto:PF:l_sw33_sw34,structured80_auto,80,PF,,80,580,581,3507,1606,1606,23,14338.684701,SAT,1
structured80_auto:PF:l_sw33_sw49,structured80_auto,80,PF,,80,584,585,3524,1611,1611,21,13609.735218999998,SAT,1
structured80_auto:PF:l_sw34_sw35,structured80_auto,80,PF,,80,580,581,3531,1630,1630,23,14767.183187,SAT,1
structured80_auto:PF:l_sw35_sw36,structured80_auto,80,PF,,80,578,579,3474,1579,1579,22,15834.197560999999,SAT,1
structured80_auto:PF:l_sw35_sw51,structured80_auto,80,PF,,80,578,579,3438,1543,1543,22,11706.197591,SAT,1
structured80_auto:PF:l_sw35_sw53,structured80_auto,80,PF,,80,582,583,3545,1638,1638,23,12935.028199999999,SAT,1
structured80_auto:PF:l_sw36_sw37,structured80_auto,80,PF,,80,578,579,3517,1622,1622,22,12250.485732,SAT,1
structured80_auto:PF:l_sw37_sw38,structured80_auto,80,PF,,80,580,581,3595,1694,1694,23,13443.530886,SAT,1
structured80_auto:PF:l_sw37_sw53,structured80_auto,80,PF,,80,578,579,3453,1558,1558,22,13472.853717,SAT,1
structured80_auto:PF:l_sw38_sw39,structured80_auto,80,PF,,80,580,581,3572,1671,1671,23,11753.567714,SAT,1
structured80_auto:PF:l_sw39_sw40,structured80_auto,80,PF,,80,578,579,3475,1580,1580,22,17869.857052,SAT,1
structured80_auto:PF:l_sw39_sw55,structured80_auto,80,PF,,80,578,579,3438,1543,1543,22,12271.97987,SAT,1
structured80_auto:PF:l_sw39_sw57,structured80_auto,80,PF,,80,582,583,3565,1658,1658,23,16259.734807,SAT,1
structured80_auto:PF:l_sw40_sw41,structured80_auto,80,PF,,80,578,579,3502,1607,1607,22,18482.195205,SAT,1
structured80_auto:PF:l_sw41_sw42,structured80_auto,80,PF,,80,580,581,3521,1620,1620,22,15746.472193000001,SAT,1
structured80_auto:PF:l_sw41_sw57,structured80_auto,80,PF,,80,578,579,3453,1558,1558,22,20910.028071,SAT,1
structured80_auto:PF:l_sw42_sw43,structured80_auto,80,PF,,80,580,581,3496,1595,1595,22,12175.7703,SAT,1
structured80_auto:PF:l_sw43_sw44,structured80_auto,80,PF,,80,578,579,3475,1580,1580,22,12852.151503,SAT,1
structured80_auto:PF:l_sw43_sw59,structured80_auto,80,PF,,80,578,579,3447,1552,1552,22,24944.857056,SAT,1
structured80_auto:PF:l_sw43_sw61,structured80_auto,80,PF,,80,582,583,3493,1586,1586,22,12286.257582,SAT,1
structured80_auto:PF:l_sw44_sw45,structured80_auto,80,PF,,80,578,579,3494,1599,1599,22,12948.744455,SAT,1
structured80_auto:PF:l_sw45_sw46,structured80_auto,80,PF,,80,580,581,3443,1542,1542,21,21574.541645,SAT,1
structured80_auto:PF:l_sw45_sw61,structured80_auto,80,PF,,80,578,579,3461,1566,1566,22,19177.594344999998,SAT,1
structured80_auto:PF:l_sw46_sw47,structured80_auto,80,PF,,80,580,581,3448,1547,1547,21,12632.402583,SAT,1
structured80_auto:PF:l_sw47_sw49,structured80_auto,80,PF,,80,602,603,3319,1352,1352,19,12210.405638999999,SAT,1
structured80_auto:PF:l_sw47_sw63,structured80_auto,80,PF,,80,578,579,3269,1374,1374,18,11071.91432,SAT,1
structured80_auto:PF:l_sw48_sw64,structured80_auto,80,PF,,80,580,581,3523,1622,1622,23,12275.082588,SAT,1
structured80_auto:PF:l_sw49_sw50,structured80_auto,80,PF,,80,582,583,3558,1651,1651,21,16780.781009,SAT,1
structured80_auto:PF:l_sw49_sw65,structured80_auto,80,PF,,80,578,579,3297,1402,1402,20,18148.035294,SAT,1
structured80_auto:PF:l_sw50_sw51,structured80_auto,80,PF,,80,582,583,3586,1679,1679,22,12568.126661999999,SAT,1
structured80_auto:PF:l_sw51_sw52,structured80_auto,80,PF,,80,578,579,3513,1618,1618,22,19377.760815999998,SAT,1
structured80_auto:PF:l_sw51_sw67,structured80_auto,80,PF,,80,578,579,3447,1552,1552,22,16976.40255,SAT,1
structured80_auto:PF:l_sw52_sw70,structured80_auto,80,PF,,80,578,579,3513,1618,1618,22,19320.176749000002,SAT,1
structured80_auto:PF:l_sw53_sw54,structured80_auto,80,PF,,80,580,581,3564,1663,1663,23,12754.194930000001,SAT,1
structured80_auto:PF:l_sw53_sw69,structured80_auto,80,PF,,80,580,581,3421,1520,1520,22,12227.651159000001,SAT,1
structured80_auto:PF:l_sw54_sw55,structured80_auto,80,PF,,80,580,581,3564,1663,1663,23,12723.285867999999,SAT,1
structured80_auto:PF:l_sw55_sw56,structured80_auto,80,PF,,80,578,579,3528,1633,1633,23,11814.050354,SAT,1
structured80_auto:PF:l_sw55_sw71,structured80_auto,80,PF,,80,578,579,3442,1547,1547,22,12664.154697,SAT,1
structured80_auto:PF:l_sw56_sw74,structured80_auto,80,PF,,80,578,579,3528,1633,1633,23,11848.36084,SAT,1
structured80_auto:PF:l_sw57_sw58,structured80_auto,80,PF,,80,580,581,3566,1665,1665,23,13057.841738000001,SAT,1
structured80_auto:PF:l_sw57_sw73,structured80_auto,80,PF,,80,580,581,3440,1539,1539,22,12701.070336,SAT,1
structured80_auto:PF:l_sw58_sw59,structured80_auto,80,PF,,80,580,581,3566,1665,1665,23,12964.101073,SAT,1
structured80_auto:PF:l_sw59_sw75,structured80_auto,80,PF,,80,578,579,3438,1543,1543,22,14327.297018,SAT,1
structured80_auto:PF:l_sw61_sw62,structured80_auto,80,PF,,80,580,581,3493,1592,1592,22,16255.652775000002,SAT,1
structured80_auto:PF:l_sw61_sw77,structured80_auto,80,PF,,80,580,581,3453,1552,1552,22,14122.921116000001,SAT,1
structured80_auto:PF:l_sw62_sw63,structured80_auto,80,PF,,80,580,581,3493,1592,1592,22,16333.63242,SAT,1
structured80_auto:PF:l_sw63_sw79,structured80_auto,80,PF,,80,578,579,3357,1462,1462,20,17244.965653000003,SAT,1
structured80_auto:PF:l_sw64_sw66,structured80_auto,80,PF,,80,580,581,3569,1668,1668,23,12339.255512,SAT,1
structured80_auto:PF:l_sw66_sw67,structured80_auto,80,PF,,80,580,581,3569,1668,1668,23,12297.055797,SAT,1
structured80_auto:PF:l_sw70_sw71,structured80_auto,80,PF,,80,578,579,3513,1618,1618,22,19385.70348,SAT,1
structured80_auto:PF:l_sw74_sw75,structured80_auto,80,PF,,80,578,579,3528,1633,1633,23,11806.720765,SAT,1
structured80_auto:SHARED:J020:019ecd4a7308ace2,structured80_auto,80,SHARED,J020,80,580,581,3547,1646,1646,23,12340.666991,SAT,1
structured80_auto:SHARED:J020:02eb4af343ae8064,structured80_auto,80,SHARED,J020,80,582,583,3493,1586,1586,22,12502.280921000001,SAT,1
structured80_auto:SHARED:J020:0939546b4244275c,structured80_auto,80,SHARED,J020,80,580,581,3483,1582,1582,21,11801.701245,SAT,1
structured80_auto:SHARED:J020:0a195387371b7ca7,structured80_auto,80,SHARED,J020,80,580,581,3506,1605,1605,22,12936.135435,SAT,1
structured80_auto:SHARED:J020:22477bcddb3582a6,structured80_auto,80,SHARED,J020,80,582,583,3452,1545,1545,22,11622.341413999999,SAT,1
structured80_auto:SHARED:J020:23840f0eb248d56a,structured80_auto,80,SHARED,J020,80,580,581,3487,1586,1586,22,14020.330622,SAT,1
structured80_auto:SHARED:J020:2e88c1a18b8967c6,structured80_auto,80,SHARED,J020,80,582,583,3541,1634,1634,21,22194.114493,SAT,1
structured80_auto:SHARED:J020:39894b26f2202c59,structured80_auto,80,SHARED,J020,80,580,581,3579,1678,1678,22,11795.701520999999,SAT,1
structured80_auto:SHARED:J020:3c95fa02978ca652,structured80_auto,80,SHARED,J020,80,580,581,3593,1692,1692,22,15510.354919,SAT,1
structured80_auto:SHARED:J020:4a04773169ca5ba8,structured80_auto,80,SHARED,J020,80,578,579,3379,1484,1484,21,16734.094617,SAT,1
structured80_auto:SHARED:J020:543a62fdd594b8af,structured80_auto,80,SHARED,J020,80,582,583,3437,1530,1530,22,13565.370573999999,SAT,1
structured80_auto:SHARED:J020:5b831f5525062dbd,structured80_auto,80,SHARED,J020,80,580,581,3569,1668,1668,23,12295.103333000001,SAT,1
structured80_auto:SHARED:J020:5c7154975550367d,structured80_auto,80,SHARED,J020,80,580,581,3487,1586,1586,22,12723.41337,SAT,1
structured80_auto:SHARED:J020:63a9880482c51beb,structured80_auto,80,SHARED,J020,80,582,583,3507,1600,1600,23,14547.103831999999,SAT,1
structured80_auto:SHARED:J020:7b9509c2892903e2,structured80_auto,80,SHARED,J020,80,584,585,3491,1578,1578,20,14174.622519,SAT,1
structured80_auto:SHARED:J020:8044b5efac541690,structured80_auto,80,SHARED,J020,80,582,583,3633,1726,1726,22,19373.886403,SAT,1
structured80_auto:SHARED:J020:805b592d76675865,structured80_auto,80,SHARED,J020,80,580,581,3457,1556,1556,22,11291.221316,SAT,1
structured80_auto:SHARED:J020:87a7e3b37916adbd,structured80_auto,80,SHARED,J020,80,578,579,3528,1633,1633,23,11943.958705000001,SAT,1
structured80_auto:SHARED:J020:9b1a66547b284a71,structured80_auto,80,SHARED,J020,80,604,605,3337,1364,1364,19,12875.802213,SAT,1
structured80_auto:SHARED:J020:9b8a9cb837e7224e,structured80_auto,80,SHARED,J020,80,578,579,3482,1587,1587,22,23928.359012,SAT,1
structured80_auto:SHARED:J020:ad78d48e5e8884f6,structured80_auto,80,SHARED,J020,80,578,579,3490,1595,1595,22,13810.132499,SAT,1
structured80_auto:SHARED:J020:af9077a7a1be3f5b,structured80_auto,80,SHARED,J020,80,580,581,3613,1712,1712,23,13003.434152,SAT,1
structured80_auto:SHARED:J020:b7747fbd5fad06d5,structured80_auto,80,SHARED,J020,80,578,579,3483,1588,1588,22,19405.270452,SAT,1
structured80_auto:SHARED:J020:ce4eeabcd91ad5fb,structured80_auto,80,SHARED,J020,80,578,579,3420,1525,1525,22,18188.740742,SAT,1
structured80_auto:SHARED:J020:d1fd96457a036197,structured80_auto,80,SHARED,J020,80,582,583,3551,1644,1644,23,20523.280310000002,SAT,1
structured80_auto:SHARED:J020:d9d5c712beb310ed,structured80_auto,80,SHARED,J020,80,578,579,3494,1599,1599,22,12892.169837000001,SAT,1
structured80_auto:SHARED:J020:e6c56c0315355ac8,structured80_auto,80,SHARED,J020,80,578,579,3506,1611,1611,22,19992.340935,SAT,1
structured80_auto:SHARED:J020:f1337c80e95a4761,structured80_auto,80,SHARED,J020,80,578,579,3469,1574,1574,22,11456.725864999999,SAT,1
structured80_auto:SHARED:J020:f6b87efac359fb03,structured80_auto,80,SHARED,J020,80,578,579,3249,1354,1354,18,9888.529143,SAT,1
structured80_auto:SHARED:J040:01209e44e9f0ad8c,structured80_auto,80,SHARED,J040,80,580,581,3527,1626,1626,22,18661.828177,SAT,1
structured80_auto:SHARED:J040:019ecd4a7308ace2,structured80_auto,80,SHARED,J040,80,580,581,3547,1646,1646,23,12327.978751999999,SAT,1
structured80_auto:SHARED:J040:02eb4af343ae8064,structured80_auto,80,SHARED,J040,80,582,583,3493,1586,1586,22,12429.596211,SAT,1
structured80_auto:SHARED:J040:0939546b4244275c,structured80_auto,80,SHARED,J040,80,580,581,3483,1582,1582,21,11887.11398,SAT,1
structured80_auto:SHARED:J040:0a195387371b7ca7,structured80_auto,80,SHARED,J040,80,580,581,3506,1605,1605,22,12936.914715,SAT,1
structured80_auto:SHARED:J040:0b72756323b9a1f0,structured80_auto,80,SHARED,J040,80,580,581,3602,1701,1701,23,12699.588743,SAT,1
structured80_auto:SHARED:J040:0f7d8a18e2b3fa38,structured80_auto,80,SHARED,J040,80,584,585,3528,1615,1615,21,,TIMEOUT,1
structured80_auto:SHARED:J040:1361f4bed7ebc73b,structured80_auto,80,SHARED,J040,80,582,583,3558,1651,1651,21,16760.4536,SAT,1
structured80_auto:SHARED:J040:21f0a0ae4c52b284,structured80_auto,80,SHARED,J040,80,578,579,3502,1607,1607,22,18547.803825,SAT,1
structured80_auto:SHARED:J040:39894b26f2202c59,structured80_auto,80,SHARED,J040,80,580,581,3579,1678,1678,22,11799.993834,SAT,1
structured80_auto:SHARED:J040:3c95fa02978ca652,structured80_auto,80,SHARED,J040,80,580,581,3593,1692,1692,22,15693.714098999999,SAT,1
structured80_auto:SHARED:J040:4a04773169ca5ba8,structured80_auto,80,SHARED,J040,80,578,579,3379,1484,1484,21,16944.553014,SAT,1
structured80_auto:SHARED:J040:5331421013021212,structured80_auto,80,SHARED,J040,80,578,579,3459,1564,1564,22,11910.447101000002,SAT,1
structured80_auto:SHARED:J040:5b831f5525062dbd,structured80_auto,80,SHARED,J040,80,580,581,3569,1668,1668,23,12291.589881,SAT,1
structured80_auto:SHARED:J040:8044b5efac541690,structured80_auto,80,SHARED,J040,80,582,583,3633,1726,1726,22,19407.188373,SAT,1
structured80_auto:SHARED:J040:805b592d76675865,structured80_auto,80,SHARED,J040,80,580,581,3457,1556,1556,22,11367.732974999999,SAT,1
structured80_auto:SHARED:J040:87a7e3b37916adbd,structured80_auto,80,SHARED,J040,80,578,579,3528,1633,1633,23,11902.249349,SAT,1
structured80_auto:SHARED:J040:8a88e413455ab3bd,structured80_auto,80,SHARED,J040,80,578,579,3517,1622,1622,22,12237.929971,SAT,1
structured80_auto:SHARED:J040:9b8a9cb837e7224e,structured80_auto,80,SHARED,J040,80,578,579,3482,1587,1587,22,23819.430787,SAT,1
structured80_auto:SHARED:J040:a77a319467a5f3c9,structured80_auto,80,SHARED,J040,80,578,579,3451,1556,1556,22,11488.94966,SAT,1
structured80_auto:SHARED:J040:a9394c8fc8bf3595,structured80_auto,80,SHARED,J040,80,582,583,3539,1632,1632,23,14817.409676000001,SAT,1
structured80_auto:SHARED:J040:ad78d48e5e8884f6,structured80_auto,80,SHARED,J040,80,578,579,3490,1595,1595,22,13780.607904,SAT,1
structured80_auto:SHARED:J040:b7747fbd5fad06d5,structured80_auto,80,SHARED,J040,80,578,579,3483,1588,1588,22,19531.391329000002,SAT,1
structured80_auto:SHARED:J040:d9d5c712beb310ed,structured80_auto,80,SHARED,J040,80,578,579,3494,1599,1599,22,12989.611015999999,SAT,1
structured80_auto:SHARED:J040:da52195ca1dc7f18,structured80_auto,80,SHARED,J040,80,578,579,3437,1542,1542,22,15155.153483,SAT,1
structured80_auto:SHARED:J040:da83ab3b12a647fc,structured80_auto,80,SHARED,J040,80,578,579,3445,1550,1550,22,14289.594878999998,SAT,1
structured80_auto:SHARED:J040:e6c56c0315355ac8,structured80_auto,80,SHARED,J040,80,578,579,3506,1611,1611,22,19864.513136999998,SAT,1
structured80_auto:SHARED:J040:e81051e4039e8d88,structured80_auto,80,SHARED,J040,80,582,583,3565,1658,1658,23,16265.134528,SAT,1
structured80_auto:SHARED:J040:ebc302e07280127e,structured80_auto,80,SHARED,J040,80,578,579,3492,1597,1597,22,15715.879841,SAT,1
structured80_auto:SHARED:J040:f1337c80e95a4761,structured80_auto,80,SHARED,J040,80,578,579,3469,1574,1574,22,11448.287027999999,SAT,1
structured80_auto:SHARED:J040:fd4855ae198cffa0,structured80_auto,80,SHARED,J040,80,590,591,3560,1629,1629,20,12562.500268000002,SAT,1
structured80_auto:SHARED:J040:fdcc4b526eb692b1,structured80_auto,80,SHARED,J040,80,578,579,3435,1540,1540,21,23046.670138,SAT,1
structured80_auto:SHARED:J100:01209e44e9f0ad8c,structured80_auto,80,SHARED,J100,80,580,581,3527,1626,1626,22,18550.72559,SAT,1
structured80_auto:SHARED:J100:016066fa60fed66c,structured80_auto,80,SHARED,J100,80,580,581,3564,1663,1663,23,12753.745295,SAT,1
structured80_auto:SHARED:J100:05053e23a7b8c138,structured80_auto,80,SHARED,J100,80,582,583,3605,1698,1698,22,13418.277479,SAT,1
structured80_auto:SHARED:J100:06214862f3cd0a90,structured80_auto,80,SHARED,J100,80,580,581,3483,1582,1582,21,11859.960837999999,SAT,1
structured80_auto:SHARED:J100:0b72756323b9a1f0,structured80_auto,80,SHARED,J100,80,580,581,3602,1701,1701,23,12651.069478,SAT,1
structured80_auto:SHARED:J100:1361f4bed7ebc73b,structured80_auto,80,SHARED,J100,80,582,583,3558,1651,1651,21,16756.566243999998,SAT,1
structured80_auto:SHARED:J100:2d75b06756aacbbb,structured80_auto,80,SHARED,J100,80,578,579,3394,1499,1499,21,14760.567817,SAT,1
structured80_auto:SHARED:J100:376f030e655e287f,structured80_auto,80,SHARED,J100,80,580,581,3558,1657,1657,22,17934.444344,SAT,1
structured80_auto:SHARED:J100:3d24bf3f399b096c,structured80_auto,80,SHARED,J100,80,580,581,3531,1630,1630,23,14722.512334,SAT,1
structured80_auto:SHARED:J100:52f153d18a26e2f0,structured80_auto,80,SHARED,J100,80,578,579,3513,1618,1618,22,19271.066565,SAT,1
structured80_auto:SHARED:J100:5331421013021212,structured80_auto,80,SHARED,J100,80,578,579,3459,1564,1564,22,11799.316821999999,SAT,1
structured80_auto:SHARED:J100:59df18671485fc10,structured80_auto,80,SHARED,J100,80,578,579,3467,1572,1572,22,12404.376499,SAT,1
structured80_auto:SHARED:J100:5b831f5525062dbd,structured80_auto,80,SHARED,J100,80,580,581,3569,1668,1668,23,12279.363645,SAT,1
structured80_auto:SHARED:J100:6365c9a903430c0a,structured80_auto,80,SHARED,J100,80,578,579,3489,1594,1594,22,12094.271182,SAT,1
structured80_auto:SHARED:J100:721a411ac05ba632,structured80_auto,80,SHARED,J100,80,580,581,3566,1665,1665,23,13049.738804,SAT,1
structured80_auto:SHARED:J100:7aba9fb12e621338,structured80_auto,80,SHARED,J100,80,580,581,3618,1717,1717,22,12855.486292,SAT,1
structured80_auto:SHARED:J100:87a7e3b37916adbd,structured80_auto,80,SHARED,J100,80,578,579,3528,1633,1633,23,11857.727807,SAT,1
structured80_auto:SHARED:J100:9b8a9cb837e7224e,structured80_auto,80,SHARED,J100,80,578,579,3482,1587,1587,22,23863.084642,SAT,1
structured80_auto:SHARED:J100:a35f6d9fe1e55f47,structured80_auto,80,SHARED,J100,80,580,581,3493,1592,1592,22,16287.150818,SAT,1
structured80_auto:SHARED:J100:ad78d48e5e8884f6,structured80_auto,80,SHARED,J100,80,578,579,3490,1595,1595,22,13671.939468999999,SAT,1
structured80_auto:SHARED:J100:b0eb4f80d7ba8f52,structured80_auto,80,SHARED,J100,80,578,579,3564,1669,1669,23,12933.220569,SAT,1
structured80_auto:SHARED:J100:b7747fbd5fad06d5,structured80_auto,80,SHARED,J100,80,578,579,3483,1588,1588,22,19414.001935,SAT,1
structured80_auto:SHARED:J100:f1337c80e95a4761,structured80_auto,80,SHARED,J100,80,578,579,3469,1574,1574,22,11443.175754,SAT,1
structured80_auto:SHARED:J100:fdcc4b526eb692b1,structured80_auto,80,SHARED,J100,80,578,579,3435,1540,1540,21,23003.723778,SAT,1
