HNF_set_sha256,attempt_status,backend,hnf_flow_count,instance_completion_sha256,matches_other_repeat,matches_source_HNF_set,matches_source_instance_completion,matches_source_scheduled_count,overall_backend_status,repeat,requested_flow_count,scenario,scheduled_flow_count
a0663d7deb382c3bf33d7161a3343a0974af92e16e5743b8923aa186586d0166,PARTIAL_SCHEDULE,H2S,4,d383784046cc2f75bba5b0e5355b398f8bfc8c184b2aee9c55d88998e5499ddb,True,True,True,True,HEURISTIC_NOT_FOUND,1,352,M_RING,348
3cef8f64eb6f30c3aabfce8a90e0e66de187609194b7f4450f84eefe1857ec52,PARTIAL_SCHEDULE,CELF,4,0e303dffb1bdb42cd6d9ea724b1993919cf521e759716f0b57e99017a0804d76,True,True,True,True,HEURISTIC_NOT_FOUND,1,352,M_RING,348
a0663d7deb382c3bf33d7161a3343a0974af92e16e5743b8923aa186586d0166,PARTIAL_SCHEDULE,H2S,4,d383784046cc2f75bba5b0e5355b398f8bfc8c184b2aee9c55d88998e5499ddb,True,True,True,True,HEURISTIC_NOT_FOUND,2,352,M_RING,348
3cef8f64eb6f30c3aabfce8a90e0e66de187609194b7f4450f84eefe1857ec52,PARTIAL_SCHEDULE,CELF,4,0e303dffb1bdb42cd6d9ea724b1993919cf521e759716f0b57e99017a0804d76,True,True,True,True,HEURISTIC_NOT_FOUND,2,352,M_RING,348
a0663d7deb382c3bf33d7161a3343a0974af92e16e5743b8923aa186586d0166,PARTIAL_SCHEDULE,H2S,4,33d7e2769c748503eb7deb9cfd03fa0964b8c10196f01f38e5b8124ea2b621e0,True,True,True,True,HEURISTIC_NOT_FOUND,1,352,M_ROR,348
3cef8f64eb6f30c3aabfce8a90e0e66de187609194b7f4450f84eefe1857ec52,PARTIAL_SCHEDULE,CELF,4,f57dd6caf2af8579c586c20f63cb7d79a2a8c57d4e6bcfeefeb7508830f6d7a7,True,True,True,True,HEURISTIC_NOT_FOUND,1,352,M_ROR,348
a0663d7deb382c3bf33d7161a3343a0974af92e16e5743b8923aa186586d0166,PARTIAL_SCHEDULE,H2S,4,33d7e2769c748503eb7deb9cfd03fa0964b8c10196f01f38e5b8124ea2b621e0,True,True,True,True,HEURISTIC_NOT_FOUND,2,352,M_ROR,348
3cef8f64eb6f30c3aabfce8a90e0e66de187609194b7f4450f84eefe1857ec52,PARTIAL_SCHEDULE,CELF,4,f57dd6caf2af8579c586c20f63cb7d79a2a8c57d4e6bcfeefeb7508830f6d7a7,True,True,True,True,HEURISTIC_NOT_FOUND,2,352,M_ROR,348
6ba80c16b3b809b03315d5305e376c31933dee59902ded1693f8bc42c3751960,PARTIAL_SCHEDULE,H2S,14,17c3460c39225014f684892917bd1dd41b45aa8c7bdb0b2400c79b8db174743a,True,True,True,True,HEURISTIC_NOT_FOUND,1,928,L_ROR,914
356d2a2008970524e2b52b7254d0631fcb20629b5eb70d2f4ef42c01beaf9e30,PARTIAL_SCHEDULE,CELF,14,9820c2a3b5c3a533387cf69a00ddbf09921ccb7b023b81ca28d866acd3f21a3d,True,True,True,True,HEURISTIC_NOT_FOUND,1,928,L_ROR,914
6ba80c16b3b809b03315d5305e376c31933dee59902ded1693f8bc42c3751960,PARTIAL_SCHEDULE,H2S,14,17c3460c39225014f684892917bd1dd41b45aa8c7bdb0b2400c79b8db174743a,True,True,True,True,HEURISTIC_NOT_FOUND,2,928,L_ROR,914
356d2a2008970524e2b52b7254d0631fcb20629b5eb70d2f4ef42c01beaf9e30,PARTIAL_SCHEDULE,CELF,14,9820c2a3b5c3a533387cf69a00ddbf09921ccb7b023b81ca28d866acd3f21a3d,True,True,True,True,HEURISTIC_NOT_FOUND,2,928,L_ROR,914
