affected_flow_count,fault_id,scenario_id,status,total_backend_ms
1,l_sw0025_sw0026,S1,SUCCESS_H2S,23.295851
1,l_sw0025_sw0026,S1,SUCCESS_H2S,23.637248
15,l_sw0004_sw0006,S1,SUCCESS_H2S,23.96775
15,l_sw0004_sw0006,S1,SUCCESS_H2S,23.36248
21,l_sw0023_sw0025,S1,SUCCESS_H2S,24.473888
21,l_sw0023_sw0025,S1,SUCCESS_H2S,24.148098
1,l_sw0025_sw0026,S1,SUCCESS_H2S,25.117092
15,l_sw0004_sw0006,S1,SUCCESS_H2S,23.741655
21,l_sw0023_sw0025,S1,SUCCESS_H2S,23.602891
1,l_sw0029_sw0030,S1,SUCCESS_H2S,22.771271
2,l_sw0002_sw0003,S1,SUCCESS_H2S,23.529387
2,l_sw0005_sw0006,S1,SUCCESS_H2S,23.219767
2,l_sw0008_sw0009,S1,SUCCESS_H2S,22.855097
2,l_sw0011_sw0012,S1,SUCCESS_H2S,23.044158
2,l_sw0016_sw0017,S1,SUCCESS_H2S,24.106165
2,l_sw0017_sw0018,S1,SUCCESS_H2S,23.697861
2,l_sw0019_sw0020,S1,SUCCESS_H2S,22.583038
2,l_sw0020_sw0021,S1,SUCCESS_H2S,23.417726
2,l_sw0023_sw0024,S1,SUCCESS_H2S,22.817679
2,l_sw0027_sw0028,S1,SUCCESS_H2S,23.164776
3,l_sw0004_sw0005,S1,SUCCESS_H2S,23.610368
3,l_sw0007_sw0008,S1,SUCCESS_H2S,24.475727
3,l_sw0010_sw0011,S1,SUCCESS_H2S,22.908533
3,l_sw0013_sw0014,S1,SUCCESS_H2S,22.993408
3,l_sw0014_sw0015,S1,SUCCESS_H2S,24.011253
3,l_sw0028_sw0029,S1,SUCCESS_H2S,22.839468
5,l_sw0001_sw0002,S1,SUCCESS_H2S,22.398854
5,l_sw0022_sw0023,S1,SUCCESS_H2S,23.571247
12,l_sw0022_sw0024,S1,SUCCESS_H2S,23.214756
14,l_sw0024_sw0026,S1,SUCCESS_H2S,23.152238
14,l_sw0028_sw0030,S1,SUCCESS_H2S,23.681508
15,l_sw0001_sw0003,S1,SUCCESS_H2S,23.72272
15,l_sw0002_sw0030,S1,SUCCESS_H2S,23.911005
15,l_sw0007_sw0009,S1,SUCCESS_H2S,23.15429
15,l_sw0010_sw0012,S1,SUCCESS_H2S,24.971749
15,l_sw0013_sw0015,S1,SUCCESS_H2S,24.199424
15,l_sw0016_sw0018,S1,SUCCESS_H2S,24.742412
15,l_sw0026_sw0028,S1,SUCCESS_H2S,24.844135
16,l_sw0019_sw0021,S1,SUCCESS_H2S,24.691622
17,l_sw0003_sw0005,S1,SUCCESS_H2S,24.48418
17,l_sw0006_sw0008,S1,SUCCESS_H2S,24.238587
17,l_sw0009_sw0011,S1,SUCCESS_H2S,25.044809
17,l_sw0012_sw0014,S1,SUCCESS_H2S,23.992918
17,l_sw0014_sw0016,S1,SUCCESS_H2S,24.379967
17,l_sw0018_sw0020,S1,SUCCESS_H2S,24.711653
17,l_sw0020_sw0022,S1,SUCCESS_H2S,23.95187
18,l_sw0002_sw0004,S1,SUCCESS_H2S,24.278271
18,l_sw0005_sw0007,S1,SUCCESS_H2S,23.978185
18,l_sw0008_sw0010,S1,SUCCESS_H2S,24.531357
18,l_sw0011_sw0013,S1,SUCCESS_H2S,27.060027
18,l_sw0015_sw0017,S1,SUCCESS_H2S,24.436709
18,l_sw0017_sw0019,S1,SUCCESS_H2S,35.000753
18,l_sw0021_sw0023,S1,SUCCESS_H2S,24.377093
18,l_sw0027_sw0029,S1,SUCCESS_H2S,24.619331
20,l_sw0001_sw0029,S1,SUCCESS_H2S,24.218877
20,l_sw0025_sw0027,S1,SUCCESS_H2S,24.274276
1,l_sw0002_sw0003,S2,SUCCESS_H2S,45.440621
39,l_sw0054_sw0056,S2,SUCCESS_H2S,49.650542
49,l_sw0001_sw0059,S2,SUCCESS_H2S,49.073003
1,l_sw0005_sw0006,S2,SUCCESS_H2S,44.638087
1,l_sw0008_sw0009,S2,SUCCESS_H2S,45.684795
1,l_sw0011_sw0012,S2,SUCCESS_H2S,45.648938
1,l_sw0014_sw0015,S2,SUCCESS_H2S,44.977118
1,l_sw0017_sw0018,S2,SUCCESS_H2S,44.733112
1,l_sw0020_sw0021,S2,SUCCESS_H2S,57.904629
1,l_sw0023_sw0024,S2,SUCCESS_H2S,46.272413
1,l_sw0028_sw0029,S2,SUCCESS_H2S,45.673608
1,l_sw0029_sw0030,S2,SUCCESS_H2S,45.75012
1,l_sw0037_sw0038,S2,SUCCESS_H2S,45.577899
1,l_sw0042_sw0043,S2,SUCCESS_H2S,45.386949
1,l_sw0044_sw0045,S2,SUCCESS_H2S,45.968891
1,l_sw0047_sw0048,S2,SUCCESS_H2S,44.886354
1,l_sw0050_sw0051,S2,SUCCESS_H2S,44.660696
1,l_sw0053_sw0054,S2,SUCCESS_H2S,46.80551
1,l_sw0056_sw0057,S2,SUCCESS_H2S,58.298638
2,l_sw0026_sw0027,S2,SUCCESS_H2S,45.765928
2,l_sw0034_sw0035,S2,SUCCESS_H2S,45.046936
2,l_sw0035_sw0036,S2,SUCCESS_H2S,45.822443
2,l_sw0059_sw0060,S2,SUCCESS_H2S,45.113344
3,l_sw0036_sw0037,S2,SUCCESS_H2S,46.136409
4,l_sw0004_sw0005,S2,SUCCESS_H2S,45.879634
4,l_sw0007_sw0008,S2,SUCCESS_H2S,46.038408
4,l_sw0010_sw0011,S2,SUCCESS_H2S,46.557883
4,l_sw0013_sw0014,S2,SUCCESS_H2S,46.600647
4,l_sw0016_sw0017,S2,SUCCESS_H2S,57.657132
4,l_sw0019_sw0020,S2,SUCCESS_H2S,45.998047
4,l_sw0022_sw0023,S2,SUCCESS_H2S,44.855375
4,l_sw0025_sw0026,S2,SUCCESS_H2S,46.617055
4,l_sw0031_sw0032,S2,SUCCESS_H2S,46.984761
4,l_sw0043_sw0044,S2,SUCCESS_H2S,45.639296
4,l_sw0046_sw0047,S2,SUCCESS_H2S,47.087073
4,l_sw0052_sw0053,S2,SUCCESS_H2S,45.397911
4,l_sw0058_sw0059,S2,SUCCESS_H2S,46.080825
5,l_sw0049_sw0050,S2,SUCCESS_H2S,46.233932
6,l_sw0040_sw0041,S2,SUCCESS_H2S,58.579554
9,l_sw0001_sw0002,S2,SUCCESS_H2S,46.522848
34,l_sw0058_sw0060,S2,SUCCESS_H2S,49.431883
36,l_sw0002_sw0060,S2,SUCCESS_H2S,49.696826
37,l_sw0046_sw0048,S2,SUCCESS_H2S,48.492882
38,l_sw0031_sw0033,S2,SUCCESS_H2S,48.306947
38,l_sw0033_sw0035,S2,SUCCESS_H2S,49.008382
38,l_sw0035_sw0037,S2,SUCCESS_H2S,49.177427
38,l_sw0042_sw0044,S2,SUCCESS_H2S,49.214261
38,l_sw0048_sw0050,S2,SUCCESS_H2S,48.503325
38,l_sw0052_sw0054,S2,SUCCESS_H2S,60.439937
38,l_sw0056_sw0058,S2,SUCCESS_H2S,49.213567
39,l_sw0040_sw0042,S2,SUCCESS_H2S,48.23794
40,l_sw0001_sw0003,S2,SUCCESS_H2S,50.137916
40,l_sw0004_sw0006,S2,SUCCESS_H2S,48.753438
40,l_sw0007_sw0009,S2,SUCCESS_H2S,49.054803
40,l_sw0010_sw0012,S2,SUCCESS_H2S,50.257567
40,l_sw0013_sw0015,S2,SUCCESS_H2S,50.266069
40,l_sw0016_sw0018,S2,SUCCESS_H2S,48.51029
40,l_sw0019_sw0021,S2,SUCCESS_H2S,49.754965
40,l_sw0022_sw0024,S2,SUCCESS_H2S,48.682864
40,l_sw0025_sw0027,S2,SUCCESS_H2S,61.229539
40,l_sw0037_sw0039,S2,SUCCESS_H2S,49.506691
40,l_sw0039_sw0041,S2,SUCCESS_H2S,49.542044
41,l_sw0003_sw0005,S2,SUCCESS_H2S,48.681888
41,l_sw0006_sw0008,S2,SUCCESS_H2S,48.915822
41,l_sw0009_sw0011,S2,SUCCESS_H2S,48.546811
41,l_sw0012_sw0014,S2,SUCCESS_H2S,49.678019
41,l_sw0015_sw0017,S2,SUCCESS_H2S,48.407169
41,l_sw0018_sw0020,S2,SUCCESS_H2S,49.383658
41,l_sw0021_sw0023,S2,SUCCESS_H2S,50.289957
41,l_sw0024_sw0026,S2,SUCCESS_H2S,61.573103
41,l_sw0044_sw0046,S2,SUCCESS_H2S,48.605164
42,l_sw0027_sw0029,S2,SUCCESS_H2S,49.067191
42,l_sw0028_sw0030,S2,SUCCESS_H2S,50.120563
42,l_sw0029_sw0031,S2,SUCCESS_H2S,49.223517
42,l_sw0049_sw0051,S2,SUCCESS_H2S,48.945937
42,l_sw0050_sw0052,S2,SUCCESS_H2S,49.351857
43,l_sw0026_sw0028,S2,SUCCESS_H2S,49.62666
43,l_sw0030_sw0032,S2,SUCCESS_H2S,49.18081
43,l_sw0043_sw0045,S2,SUCCESS_H2S,49.56997
43,l_sw0051_sw0053,S2,SUCCESS_H2S,50.820572
44,l_sw0002_sw0004,S2,SUCCESS_H2S,60.631582
44,l_sw0005_sw0007,S2,SUCCESS_H2S,48.345822
44,l_sw0008_sw0010,S2,SUCCESS_H2S,49.568522
44,l_sw0011_sw0013,S2,SUCCESS_H2S,50.003022
44,l_sw0014_sw0016,S2,SUCCESS_H2S,49.8952
44,l_sw0017_sw0019,S2,SUCCESS_H2S,49.275309
44,l_sw0020_sw0022,S2,SUCCESS_H2S,50.645651
44,l_sw0023_sw0025,S2,SUCCESS_H2S,48.331208
44,l_sw0036_sw0038,S2,SUCCESS_H2S,49.37956
44,l_sw0045_sw0047,S2,SUCCESS_H2S,49.881657
45,l_sw0034_sw0036,S2,SUCCESS_H2S,48.635118
45,l_sw0038_sw0040,S2,SUCCESS_H2S,62.020307
46,l_sw0041_sw0043,S2,SUCCESS_H2S,50.06098
46,l_sw0053_sw0055,S2,SUCCESS_H2S,48.938968
46,l_sw0055_sw0057,S2,SUCCESS_H2S,50.081568
47,l_sw0032_sw0034,S2,SUCCESS_H2S,49.617029
47,l_sw0047_sw0049,S2,SUCCESS_H2S,49.574364
47,l_sw0057_sw0059,S2,SUCCESS_H2S,48.867021
195,l_sw0001_sw0003,S3,SUCCESS_H2S,150.544058
195,l_sw0049_sw0051,S3,SUCCESS_H2S,166.003797
195,l_sw0097_sw0099,S3,SUCCESS_H2S,153.924424
195,l_sw0001_sw0099,S3,SUCCESS_H2S,153.893087
195,l_sw0003_sw0005,S3,SUCCESS_H2S,153.406391
195,l_sw0005_sw0007,S3,SUCCESS_H2S,168.958523
195,l_sw0007_sw0009,S3,SUCCESS_H2S,152.782688
195,l_sw0009_sw0011,S3,SUCCESS_H2S,152.679421
195,l_sw0011_sw0013,S3,SUCCESS_H2S,152.807419
195,l_sw0013_sw0015,S3,SUCCESS_H2S,152.947731
195,l_sw0015_sw0017,S3,SUCCESS_H2S,152.235684
195,l_sw0017_sw0019,S3,SUCCESS_H2S,167.045718
195,l_sw0019_sw0021,S3,SUCCESS_H2S,151.307336
195,l_sw0021_sw0023,S3,SUCCESS_H2S,157.933258
195,l_sw0023_sw0025,S3,SUCCESS_H2S,152.870837
195,l_sw0025_sw0027,S3,SUCCESS_H2S,151.937605
195,l_sw0027_sw0029,S3,SUCCESS_H2S,165.507837
195,l_sw0029_sw0031,S3,SUCCESS_H2S,149.797229
195,l_sw0031_sw0033,S3,SUCCESS_H2S,151.315749
195,l_sw0033_sw0035,S3,SUCCESS_H2S,152.910732
195,l_sw0035_sw0037,S3,SUCCESS_H2S,167.375866
195,l_sw0037_sw0039,S3,SUCCESS_H2S,149.877837
195,l_sw0039_sw0041,S3,SUCCESS_H2S,154.189895
195,l_sw0041_sw0043,S3,SUCCESS_H2S,153.334308
195,l_sw0043_sw0045,S3,SUCCESS_H2S,151.399784
195,l_sw0045_sw0047,S3,SUCCESS_H2S,155.0436
195,l_sw0047_sw0049,S3,SUCCESS_H2S,166.480518
195,l_sw0051_sw0053,S3,SUCCESS_H2S,155.871984
195,l_sw0053_sw0055,S3,SUCCESS_H2S,153.386729
195,l_sw0055_sw0057,S3,SUCCESS_H2S,159.756291
195,l_sw0057_sw0059,S3,SUCCESS_H2S,161.211601
195,l_sw0059_sw0061,S3,SUCCESS_H2S,175.68217
195,l_sw0061_sw0063,S3,SUCCESS_H2S,155.764757
195,l_sw0063_sw0065,S3,SUCCESS_H2S,150.159756
195,l_sw0065_sw0067,S3,SUCCESS_H2S,153.062213
195,l_sw0067_sw0069,S3,SUCCESS_H2S,170.848367
195,l_sw0069_sw0071,S3,SUCCESS_H2S,153.340821
195,l_sw0071_sw0073,S3,SUCCESS_H2S,152.449466
195,l_sw0073_sw0075,S3,SUCCESS_H2S,153.277902
195,l_sw0075_sw0077,S3,SUCCESS_H2S,167.588184
195,l_sw0077_sw0079,S3,SUCCESS_H2S,162.624117
195,l_sw0079_sw0081,S3,SUCCESS_H2S,165.46286
195,l_sw0081_sw0083,S3,SUCCESS_H2S,158.104181
195,l_sw0083_sw0085,S3,SUCCESS_H2S,152.693516
195,l_sw0085_sw0087,S3,SUCCESS_H2S,155.658306
195,l_sw0087_sw0089,S3,SUCCESS_H2S,153.025008
195,l_sw0089_sw0091,S3,SUCCESS_H2S,167.632031
195,l_sw0091_sw0093,S3,SUCCESS_H2S,154.240315
195,l_sw0093_sw0095,S3,SUCCESS_H2S,154.120179
195,l_sw0095_sw0097,S3,SUCCESS_H2S,161.243432
1,l_sw0018_sw0019,S4,SUCCESS_H2S,325.523346
109,l_sw0030_sw0032,S4,SUCCESS_H2S,333.846848
125,l_sw0159_sw0161,S4,HEURISTIC_NOT_FOUND,605.839235
1,l_sw0117_sw0118,S4,SUCCESS_H2S,319.532493
2,l_sw0041_sw0042,S4,SUCCESS_H2S,304.274691
2,l_sw0079_sw0080,S4,SUCCESS_H2S,306.306118
2,l_sw0126_sw0127,S4,SUCCESS_H2S,313.345293
2,l_sw0162_sw0163,S4,SUCCESS_H2S,307.437086
3,l_sw0063_sw0064,S4,SUCCESS_H2S,333.554751
3,l_sw0135_sw0136,S4,SUCCESS_H2S,322.17
3,l_sw0136_sw0137,S4,SUCCESS_H2S,305.371672
4,l_sw0037_sw0038,S4,SUCCESS_H2S,302.760323
4,l_sw0088_sw0089,S4,SUCCESS_H2S,320.171684
4,l_sw0156_sw0157,S4,SUCCESS_H2S,306.587967
6,l_sw0093_sw0094,S4,SUCCESS_H2S,314.482959
102,l_sw0062_sw0064,S4,SUCCESS_H2S,324.729382
104,l_sw0077_sw0079,S4,SUCCESS_H2S,347.646541
105,l_sw0088_sw0090,S4,SUCCESS_H2S,322.830225
105,l_sw0090_sw0092,S4,SUCCESS_H2S,346.128896
106,l_sw0085_sw0087,S4,SUCCESS_H2S,331.539733
107,l_sw0105_sw0107,S4,SUCCESS_H2S,332.742317
108,l_sw0114_sw0116,S4,HEURISTIC_NOT_FOUND,615.126735
109,l_sw0100_sw0102,S4,SUCCESS_H2S,323.340769
110,l_sw0067_sw0069,S4,SUCCESS_H2S,331.488682
111,l_sw0011_sw0013,S4,SUCCESS_H2S,337.291451
111,l_sw0099_sw0101,S4,SUCCESS_H2S,330.341456
112,l_sw0042_sw0044,S4,SUCCESS_H2S,339.392377
113,l_sw0013_sw0015,S4,SUCCESS_H2S,327.762241
113,l_sw0128_sw0130,S4,SUCCESS_H2S,334.168469
114,l_sw0065_sw0067,S4,SUCCESS_H2S,327.858055
114,l_sw0117_sw0119,S4,SUCCESS_H2S,347.593479
114,l_sw0164_sw0166,S4,HEURISTIC_NOT_FOUND,608.539532
115,l_sw0106_sw0108,S4,SUCCESS_H2S,333.859164
115,l_sw0108_sw0110,S4,SUCCESS_H2S,340.2986
116,l_sw0151_sw0153,S4,HEURISTIC_NOT_FOUND,590.432179
118,l_sw0008_sw0010,S4,HEURISTIC_NOT_FOUND,617.654029
118,l_sw0149_sw0151,S4,HEURISTIC_NOT_FOUND,605.196897
120,l_sw0010_sw0012,S4,SUCCESS_H2S,341.310868
121,l_sw0161_sw0163,S4,HEURISTIC_NOT_FOUND,598.035497
122,l_sw0165_sw0167,S4,HEURISTIC_NOT_FOUND,625.484402
1,l_sw0015_sw0016,S5,SUCCESS_H2S,562.964671
197,l_sw0113_sw0115,S5,HEURISTIC_NOT_FOUND,1049.407389
224,l_sw0167_sw0169,S5,HEURISTIC_NOT_FOUND,1013.01118
1,l_sw0143_sw0144,S5,SUCCESS_H2S,554.274253
2,l_sw0039_sw0040,S5,SUCCESS_H2S,578.267513
2,l_sw0101_sw0102,S5,SUCCESS_H2S,550.189405
2,l_sw0132_sw0133,S5,SUCCESS_H2S,565.132249
3,l_sw0012_sw0013,S5,SUCCESS_H2S,566.51462
3,l_sw0056_sw0057,S5,SUCCESS_H2S,559.55408
3,l_sw0094_sw0095,S5,HEURISTIC_NOT_FOUND,1039.736985
3,l_sw0097_sw0098,S5,SUCCESS_H2S,548.534218
3,l_sw0160_sw0161,S5,SUCCESS_H2S,580.373344
4,l_sw0067_sw0068,S5,SUCCESS_H2S,540.282151
5,l_sw0035_sw0036,S5,SUCCESS_H2S,547.276346
5,l_sw0153_sw0154,S5,SUCCESS_H2S,579.967066
6,l_sw0115_sw0116,S5,SUCCESS_H2S,547.597131
7,l_sw0110_sw0111,S5,SUCCESS_H2S,554.582253
11,l_sw0149_sw0150,S5,SUCCESS_H2S,575.97979
187,l_sw0079_sw0081,S5,HEURISTIC_NOT_FOUND,1022.682125
194,l_sw0062_sw0064,S5,HEURISTIC_NOT_FOUND,1049.005628
196,l_sw0041_sw0043,S5,HEURISTIC_NOT_FOUND,998.709135
197,l_sw0047_sw0049,S5,HEURISTIC_NOT_FOUND,1012.614798
198,l_sw0103_sw0105,S5,HEURISTIC_NOT_FOUND,1060.612845
199,l_sw0148_sw0150,S5,HEURISTIC_NOT_FOUND,1005.146525
200,l_sw0100_sw0102,S5,HEURISTIC_NOT_FOUND,1002.962907
202,l_sw0094_sw0096,S5,HEURISTIC_NOT_FOUND,1031.880123
203,l_sw0164_sw0166,S5,HEURISTIC_NOT_FOUND,1032.869826
205,l_sw0168_sw0170,S5,HEURISTIC_NOT_FOUND,1058.614657
206,l_sw0118_sw0120,S5,HEURISTIC_NOT_FOUND,1023.887212
207,l_sw0074_sw0076,S5,HEURISTIC_NOT_FOUND,1050.588306
208,l_sw0059_sw0061,S5,HEURISTIC_NOT_FOUND,1013.071263
209,l_sw0152_sw0154,S5,HEURISTIC_NOT_FOUND,1004.766333
210,l_sw0154_sw0156,S5,HEURISTIC_NOT_FOUND,996.282246
211,l_sw0019_sw0021,S5,HEURISTIC_NOT_FOUND,1019.828869
212,l_sw0003_sw0005,S5,HEURISTIC_NOT_FOUND,1047.197632
214,l_sw0080_sw0082,S5,HEURISTIC_NOT_FOUND,1024.957607
216,l_sw0021_sw0023,S5,HEURISTIC_NOT_FOUND,994.398788
217,l_sw0161_sw0163,S5,HEURISTIC_NOT_FOUND,1047.673007
220,l_sw0001_sw0003,S5,HEURISTIC_NOT_FOUND,1049.592244
221,l_sw0010_sw0012,S5,HEURISTIC_NOT_FOUND,1025.288439
1,l_sw0003_sw0004,S6,SUCCESS_H2S,1831.968133
234,l_sw0012_sw0014,S6,HEURISTIC_NOT_FOUND,3261.644522
261,l_sw0171_sw0173,S6,HEURISTIC_NOT_FOUND,3306.461349
1,l_sw0085_sw0086,S6,SUCCESS_H2S,1814.617905
1,l_sw0166_sw0167,S6,SUCCESS_H2S,1804.014671
1,l_sw0268_sw0269,S6,SUCCESS_H2S,1825.838184
2,l_sw0001_sw0340,S6,HEURISTIC_NOT_FOUND,3376.382059
2,l_sw0164_sw0165,S6,SUCCESS_H2S,1789.039885
2,l_sw0330_sw0331,S6,SUCCESS_H2S,1829.313577
3,l_sw0179_sw0180,S6,SUCCESS_H2S,1824.676788
3,l_sw0192_sw0193,S6,SUCCESS_H2S,1815.47883
3,l_sw0332_sw0333,S6,SUCCESS_H2S,1842.698855
5,l_sw0066_sw0067,S6,HEURISTIC_NOT_FOUND,3336.087867
6,l_sw0089_sw0090,S6,HEURISTIC_NOT_FOUND,3313.703188
6,l_sw0311_sw0312,S6,SUCCESS_H2S,1780.630022
221,l_sw0172_sw0174,S6,HEURISTIC_NOT_FOUND,3277.583112
227,l_sw0206_sw0208,S6,HEURISTIC_NOT_FOUND,3224.213301
229,l_sw0055_sw0057,S6,HEURISTIC_NOT_FOUND,3292.067184
229,l_sw0087_sw0089,S6,HEURISTIC_NOT_FOUND,3228.539378
231,l_sw0032_sw0034,S6,HEURISTIC_NOT_FOUND,3320.550189
232,l_sw0257_sw0259,S6,HEURISTIC_NOT_FOUND,3208.169922
233,l_sw0240_sw0242,S6,HEURISTIC_NOT_FOUND,3338.75478
234,l_sw0076_sw0078,S6,HEURISTIC_NOT_FOUND,3264.501226
235,l_sw0081_sw0083,S6,HEURISTIC_NOT_FOUND,3283.318577
236,l_sw0016_sw0018,S6,HEURISTIC_NOT_FOUND,3234.182805
237,l_sw0130_sw0132,S6,HEURISTIC_NOT_FOUND,3269.645692
238,l_sw0148_sw0150,S6,HEURISTIC_NOT_FOUND,3255.351948
239,l_sw0080_sw0082,S6,HEURISTIC_NOT_FOUND,3290.705747
240,l_sw0024_sw0026,S6,HEURISTIC_NOT_FOUND,3303.816722
240,l_sw0220_sw0222,S6,HEURISTIC_NOT_FOUND,3278.621441
241,l_sw0228_sw0230,S6,HEURISTIC_NOT_FOUND,3293.05776
242,l_sw0067_sw0069,S6,HEURISTIC_NOT_FOUND,3275.132405
242,l_sw0331_sw0333,S6,HEURISTIC_NOT_FOUND,3286.752948
243,l_sw0039_sw0041,S6,HEURISTIC_NOT_FOUND,3231.687982
244,l_sw0152_sw0154,S6,HEURISTIC_NOT_FOUND,3281.130948
245,l_sw0179_sw0181,S6,HEURISTIC_NOT_FOUND,3457.660473
246,l_sw0096_sw0098,S6,HEURISTIC_NOT_FOUND,3302.636906
247,l_sw0305_sw0307,S6,HEURISTIC_NOT_FOUND,3319.319706
249,l_sw0090_sw0092,S6,HEURISTIC_NOT_FOUND,3261.325857
250,l_sw0277_sw0279,S6,HEURISTIC_NOT_FOUND,3355.402594
1,l_sw0141_sw0142,S7,SUCCESS_H2S,3794.73981
467,l_sw0259_sw0261,S7,HEURISTIC_NOT_FOUND,6612.914754
528,l_sw0047_sw0049,S7,HEURISTIC_NOT_FOUND,6567.712384
2,l_sw0133_sw0134,S7,HEURISTIC_NOT_FOUND,6792.094597
2,l_sw0266_sw0267,S7,SUCCESS_H2S,3703.920053
3,l_sw0181_sw0182,S7,SUCCESS_H2S,3773.741172
4,l_sw0169_sw0170,S7,HEURISTIC_NOT_FOUND,6813.75914
4,l_sw0293_sw0294,S7,HEURISTIC_NOT_FOUND,6780.003361
5,l_sw0165_sw0166,S7,SUCCESS_H2S,3902.295299
5,l_sw0319_sw0320,S7,SUCCESS_H2S,3751.279263
5,l_sw0322_sw0323,S7,SUCCESS_H2S,3766.975074
6,l_sw0260_sw0261,S7,HEURISTIC_NOT_FOUND,6777.651055
7,l_sw0056_sw0057,S7,SUCCESS_H2S,3891.244934
7,l_sw0265_sw0266,S7,SUCCESS_H2S,3772.254876
8,l_sw0096_sw0097,S7,HEURISTIC_NOT_FOUND,6817.144938
9,l_sw0024_sw0025,S7,HEURISTIC_NOT_FOUND,6811.342538
9,l_sw0216_sw0217,S7,HEURISTIC_NOT_FOUND,6803.34897
10,l_sw0153_sw0154,S7,HEURISTIC_NOT_FOUND,6830.764906
10,l_sw0160_sw0161,S7,HEURISTIC_NOT_FOUND,6871.879661
11,l_sw0334_sw0335,S7,HEURISTIC_NOT_FOUND,6919.941061
14,l_sw0046_sw0047,S7,HEURISTIC_NOT_FOUND,6855.982399
23,l_sw0066_sw0067,S7,HEURISTIC_NOT_FOUND,7110.164236
470,l_sw0263_sw0265,S7,HEURISTIC_NOT_FOUND,6598.258796
474,l_sw0231_sw0233,S7,HEURISTIC_NOT_FOUND,6870.507164
477,l_sw0167_sw0169,S7,HEURISTIC_NOT_FOUND,6421.475515
479,l_sw0331_sw0333,S7,HEURISTIC_NOT_FOUND,6582.7868
481,l_sw0210_sw0212,S7,HEURISTIC_NOT_FOUND,6513.093471
483,l_sw0285_sw0287,S7,HEURISTIC_NOT_FOUND,6543.480567
485,l_sw0158_sw0160,S7,HEURISTIC_NOT_FOUND,6518.103498
488,l_sw0025_sw0027,S7,HEURISTIC_NOT_FOUND,6604.598525
490,l_sw0095_sw0097,S7,HEURISTIC_NOT_FOUND,6417.407743
492,l_sw0007_sw0009,S7,HEURISTIC_NOT_FOUND,6534.524698
494,l_sw0121_sw0123,S7,HEURISTIC_NOT_FOUND,6513.651232
494,l_sw0151_sw0153,S7,HEURISTIC_NOT_FOUND,6589.223643
497,l_sw0065_sw0067,S7,HEURISTIC_NOT_FOUND,6496.67885
499,l_sw0023_sw0025,S7,HEURISTIC_NOT_FOUND,6645.034589
501,l_sw0019_sw0021,S7,HEURISTIC_NOT_FOUND,6603.025652
503,l_sw0336_sw0338,S7,HEURISTIC_NOT_FOUND,6585.377952
507,l_sw0228_sw0230,S7,HEURISTIC_NOT_FOUND,6646.422031
512,l_sw0207_sw0209,S7,HEURISTIC_NOT_FOUND,6551.927379
47,l_sw0001_sw0003,F150_TT100,SUCCESS_H2S,55.665285
47,l_sw0049_sw0051,F150_TT100,SUCCESS_H2S,54.783565
47,l_sw0097_sw0099,F150_TT100,SUCCESS_H2S,53.827441
47,l_sw0001_sw0099,F150_TT100,SUCCESS_H2S,54.300914
47,l_sw0003_sw0005,F150_TT100,SUCCESS_H2S,54.011658
47,l_sw0005_sw0007,F150_TT100,SUCCESS_H2S,55.067879
47,l_sw0007_sw0009,F150_TT100,SUCCESS_H2S,54.627413
47,l_sw0009_sw0011,F150_TT100,SUCCESS_H2S,54.182079
47,l_sw0011_sw0013,F150_TT100,SUCCESS_H2S,53.942092
47,l_sw0013_sw0015,F150_TT100,SUCCESS_H2S,54.126087
47,l_sw0015_sw0017,F150_TT100,SUCCESS_H2S,53.434344
47,l_sw0017_sw0019,F150_TT100,SUCCESS_H2S,53.644954
47,l_sw0019_sw0021,F150_TT100,SUCCESS_H2S,53.698848
47,l_sw0021_sw0023,F150_TT100,SUCCESS_H2S,53.992376
47,l_sw0023_sw0025,F150_TT100,SUCCESS_H2S,67.740763
47,l_sw0025_sw0027,F150_TT100,SUCCESS_H2S,53.300852
47,l_sw0027_sw0029,F150_TT100,SUCCESS_H2S,53.225635
47,l_sw0029_sw0031,F150_TT100,SUCCESS_H2S,56.236877
47,l_sw0031_sw0033,F150_TT100,SUCCESS_H2S,53.389408
47,l_sw0033_sw0035,F150_TT100,SUCCESS_H2S,53.497479
47,l_sw0035_sw0037,F150_TT100,SUCCESS_H2S,53.426065
47,l_sw0037_sw0039,F150_TT100,SUCCESS_H2S,53.518184
47,l_sw0039_sw0041,F150_TT100,SUCCESS_H2S,53.762797
47,l_sw0041_sw0043,F150_TT100,SUCCESS_H2S,53.34602
47,l_sw0043_sw0045,F150_TT100,SUCCESS_H2S,54.325934
47,l_sw0045_sw0047,F150_TT100,SUCCESS_H2S,53.931006
47,l_sw0047_sw0049,F150_TT100,SUCCESS_H2S,54.196871
47,l_sw0051_sw0053,F150_TT100,SUCCESS_H2S,67.158067
47,l_sw0053_sw0055,F150_TT100,SUCCESS_H2S,53.614899
47,l_sw0055_sw0057,F150_TT100,SUCCESS_H2S,53.550523
47,l_sw0057_sw0059,F150_TT100,SUCCESS_H2S,53.037473
47,l_sw0059_sw0061,F150_TT100,SUCCESS_H2S,54.312345
47,l_sw0061_sw0063,F150_TT100,SUCCESS_H2S,54.186821
47,l_sw0063_sw0065,F150_TT100,SUCCESS_H2S,52.954402
47,l_sw0065_sw0067,F150_TT100,SUCCESS_H2S,53.514681
47,l_sw0067_sw0069,F150_TT100,SUCCESS_H2S,53.906836
47,l_sw0069_sw0071,F150_TT100,SUCCESS_H2S,53.474185
47,l_sw0071_sw0073,F150_TT100,SUCCESS_H2S,53.353721
47,l_sw0073_sw0075,F150_TT100,SUCCESS_H2S,53.242127
47,l_sw0075_sw0077,F150_TT100,SUCCESS_H2S,68.490502
47,l_sw0077_sw0079,F150_TT100,SUCCESS_H2S,57.022352
47,l_sw0079_sw0081,F150_TT100,SUCCESS_H2S,55.472279
47,l_sw0081_sw0083,F150_TT100,SUCCESS_H2S,53.486516
47,l_sw0083_sw0085,F150_TT100,SUCCESS_H2S,54.130649
47,l_sw0085_sw0087,F150_TT100,SUCCESS_H2S,54.863742
47,l_sw0087_sw0089,F150_TT100,SUCCESS_H2S,54.24378
47,l_sw0089_sw0091,F150_TT100,SUCCESS_H2S,54.14345
47,l_sw0091_sw0093,F150_TT100,SUCCESS_H2S,54.444404
47,l_sw0093_sw0095,F150_TT100,SUCCESS_H2S,53.802168
47,l_sw0095_sw0097,F150_TT100,SUCCESS_H2S,54.207659
110,l_sw0001_sw0003,F150_TT250,SUCCESS_H2S,110.705341
110,l_sw0049_sw0051,F150_TT250,SUCCESS_H2S,96.200445
110,l_sw0097_sw0099,F150_TT250,SUCCESS_H2S,99.921088
110,l_sw0001_sw0099,F150_TT250,SUCCESS_H2S,96.249832
110,l_sw0003_sw0005,F150_TT250,SUCCESS_H2S,97.934851
110,l_sw0005_sw0007,F150_TT250,SUCCESS_H2S,97.73568
110,l_sw0007_sw0009,F150_TT250,SUCCESS_H2S,110.541014
110,l_sw0009_sw0011,F150_TT250,SUCCESS_H2S,99.256717
110,l_sw0011_sw0013,F150_TT250,SUCCESS_H2S,99.607951
110,l_sw0013_sw0015,F150_TT250,SUCCESS_H2S,100.815975
110,l_sw0015_sw0017,F150_TT250,SUCCESS_H2S,101.802466
110,l_sw0017_sw0019,F150_TT250,SUCCESS_H2S,98.787566
110,l_sw0019_sw0021,F150_TT250,SUCCESS_H2S,96.687215
110,l_sw0021_sw0023,F150_TT250,SUCCESS_H2S,98.700235
110,l_sw0023_sw0025,F150_TT250,SUCCESS_H2S,112.77264
110,l_sw0025_sw0027,F150_TT250,SUCCESS_H2S,98.233259
110,l_sw0027_sw0029,F150_TT250,SUCCESS_H2S,100.807252
110,l_sw0029_sw0031,F150_TT250,SUCCESS_H2S,99.556264
110,l_sw0031_sw0033,F150_TT250,SUCCESS_H2S,97.973496
110,l_sw0033_sw0035,F150_TT250,SUCCESS_H2S,95.820447
110,l_sw0035_sw0037,F150_TT250,SUCCESS_H2S,97.617814
110,l_sw0037_sw0039,F150_TT250,SUCCESS_H2S,112.048792
110,l_sw0039_sw0041,F150_TT250,SUCCESS_H2S,97.401284
110,l_sw0041_sw0043,F150_TT250,SUCCESS_H2S,96.954312
110,l_sw0043_sw0045,F150_TT250,SUCCESS_H2S,97.370241
110,l_sw0045_sw0047,F150_TT250,SUCCESS_H2S,95.918908
110,l_sw0047_sw0049,F150_TT250,SUCCESS_H2S,95.940227
110,l_sw0051_sw0053,F150_TT250,SUCCESS_H2S,99.299737
110,l_sw0053_sw0055,F150_TT250,SUCCESS_H2S,111.635329
110,l_sw0055_sw0057,F150_TT250,SUCCESS_H2S,97.819446
110,l_sw0057_sw0059,F150_TT250,SUCCESS_H2S,99.66699
110,l_sw0059_sw0061,F150_TT250,SUCCESS_H2S,95.872331
110,l_sw0061_sw0063,F150_TT250,SUCCESS_H2S,97.721348
110,l_sw0063_sw0065,F150_TT250,SUCCESS_H2S,97.179419
110,l_sw0065_sw0067,F150_TT250,SUCCESS_H2S,97.323585
110,l_sw0067_sw0069,F150_TT250,SUCCESS_H2S,111.909839
110,l_sw0069_sw0071,F150_TT250,SUCCESS_H2S,99.548457
110,l_sw0071_sw0073,F150_TT250,SUCCESS_H2S,97.327087
110,l_sw0073_sw0075,F150_TT250,SUCCESS_H2S,97.511218
110,l_sw0075_sw0077,F150_TT250,SUCCESS_H2S,98.883352
110,l_sw0077_sw0079,F150_TT250,SUCCESS_H2S,97.862964
110,l_sw0079_sw0081,F150_TT250,SUCCESS_H2S,96.951605
110,l_sw0081_sw0083,F150_TT250,SUCCESS_H2S,111.68424
110,l_sw0083_sw0085,F150_TT250,SUCCESS_H2S,98.617608
110,l_sw0085_sw0087,F150_TT250,SUCCESS_H2S,102.727644
110,l_sw0087_sw0089,F150_TT250,SUCCESS_H2S,99.270004
110,l_sw0089_sw0091,F150_TT250,SUCCESS_H2S,96.638908
110,l_sw0091_sw0093,F150_TT250,SUCCESS_H2S,98.864117
110,l_sw0093_sw0095,F150_TT250,SUCCESS_H2S,97.366229
110,l_sw0095_sw0097,F150_TT250,SUCCESS_H2S,111.400524
195,l_sw0001_sw0003,F150_TT500,SUCCESS_H2S,157.93705
195,l_sw0049_sw0051,F150_TT500,SUCCESS_H2S,155.06261
195,l_sw0097_sw0099,F150_TT500,SUCCESS_H2S,157.639639
195,l_sw0001_sw0099,F150_TT500,SUCCESS_H2S,171.007972
195,l_sw0003_sw0005,F150_TT500,SUCCESS_H2S,158.815167
195,l_sw0005_sw0007,F150_TT500,SUCCESS_H2S,160.449205
195,l_sw0007_sw0009,F150_TT500,SUCCESS_H2S,161.363697
195,l_sw0009_sw0011,F150_TT500,SUCCESS_H2S,158.356671
195,l_sw0011_sw0013,F150_TT500,SUCCESS_H2S,158.279227
195,l_sw0013_sw0015,F150_TT500,SUCCESS_H2S,172.317978
195,l_sw0015_sw0017,F150_TT500,SUCCESS_H2S,156.486685
195,l_sw0017_sw0019,F150_TT500,SUCCESS_H2S,157.663995
195,l_sw0019_sw0021,F150_TT500,SUCCESS_H2S,171.033172
195,l_sw0021_sw0023,F150_TT500,SUCCESS_H2S,157.403663
195,l_sw0023_sw0025,F150_TT500,SUCCESS_H2S,162.388384
195,l_sw0025_sw0027,F150_TT500,SUCCESS_H2S,155.678756
195,l_sw0027_sw0029,F150_TT500,SUCCESS_H2S,172.174367
195,l_sw0029_sw0031,F150_TT500,SUCCESS_H2S,157.47907
195,l_sw0031_sw0033,F150_TT500,SUCCESS_H2S,156.47441
195,l_sw0033_sw0035,F150_TT500,SUCCESS_H2S,161.787699
195,l_sw0035_sw0037,F150_TT500,SUCCESS_H2S,170.502272
195,l_sw0037_sw0039,F150_TT500,SUCCESS_H2S,157.494888
195,l_sw0039_sw0041,F150_TT500,SUCCESS_H2S,156.166359
195,l_sw0041_sw0043,F150_TT500,SUCCESS_H2S,173.443724
195,l_sw0043_sw0045,F150_TT500,SUCCESS_H2S,157.004634
195,l_sw0045_sw0047,F150_TT500,SUCCESS_H2S,158.378846
195,l_sw0047_sw0049,F150_TT500,SUCCESS_H2S,158.015914
195,l_sw0051_sw0053,F150_TT500,SUCCESS_H2S,170.752247
195,l_sw0053_sw0055,F150_TT500,SUCCESS_H2S,155.937069
195,l_sw0055_sw0057,F150_TT500,SUCCESS_H2S,158.101708
195,l_sw0057_sw0059,F150_TT500,SUCCESS_H2S,155.595354
195,l_sw0059_sw0061,F150_TT500,SUCCESS_H2S,172.930456
195,l_sw0061_sw0063,F150_TT500,SUCCESS_H2S,160.243827
195,l_sw0063_sw0065,F150_TT500,SUCCESS_H2S,158.22811
195,l_sw0065_sw0067,F150_TT500,SUCCESS_H2S,159.024522
195,l_sw0067_sw0069,F150_TT500,SUCCESS_H2S,170.653059
195,l_sw0069_sw0071,F150_TT500,SUCCESS_H2S,156.50851
195,l_sw0071_sw0073,F150_TT500,SUCCESS_H2S,160.984984
195,l_sw0073_sw0075,F150_TT500,SUCCESS_H2S,158.395615
195,l_sw0075_sw0077,F150_TT500,SUCCESS_H2S,170.072511
195,l_sw0077_sw0079,F150_TT500,SUCCESS_H2S,159.402745
195,l_sw0079_sw0081,F150_TT500,SUCCESS_H2S,160.497392
195,l_sw0081_sw0083,F150_TT500,SUCCESS_H2S,157.534007
195,l_sw0083_sw0085,F150_TT500,SUCCESS_H2S,170.520316
195,l_sw0085_sw0087,F150_TT500,SUCCESS_H2S,158.037998
195,l_sw0087_sw0089,F150_TT500,SUCCESS_H2S,156.446108
195,l_sw0089_sw0091,F150_TT500,SUCCESS_H2S,161.797731
195,l_sw0091_sw0093,F150_TT500,SUCCESS_H2S,174.108493
195,l_sw0093_sw0095,F150_TT500,SUCCESS_H2S,157.884031
195,l_sw0095_sw0097,F150_TT500,SUCCESS_H2S,159.197867
1,l_sw0005_sw0006,F150_TT750,SUCCESS_H2S,181.821816
11,l_sw0044_sw0046,F150_TT750,SUCCESS_H2S,190.027849
248,l_sw0011_sw0013,F150_TT750,SUCCESS_H2S,205.450392
1,l_sw0017_sw0018,F150_TT750,SUCCESS_H2S,175.587221
1,l_sw0027_sw0028,F150_TT750,SUCCESS_H2S,177.481425
1,l_sw0043_sw0044,F150_TT750,SUCCESS_H2S,189.887634
1,l_sw0059_sw0060,F150_TT750,SUCCESS_H2S,186.676655
1,l_sw0077_sw0078,F150_TT750,SUCCESS_H2S,181.870697
1,l_sw0095_sw0096,F150_TT750,SUCCESS_H2S,180.951007
2,l_sw0040_sw0041,F150_TT750,SUCCESS_H2S,177.516722
2,l_sw0050_sw0051,F150_TT750,SUCCESS_H2S,187.992532
3,l_sw0080_sw0081,F150_TT750,SUCCESS_H2S,178.869836
7,l_sw0012_sw0014,F150_TT750,SUCCESS_H2S,172.920944
8,l_sw0014_sw0016,F150_TT750,SUCCESS_H2S,174.362458
9,l_sw0006_sw0008,F150_TT750,SUCCESS_H2S,190.287927
9,l_sw0024_sw0026,F150_TT750,SUCCESS_H2S,173.629538
9,l_sw0080_sw0082,F150_TT750,SUCCESS_H2S,179.187056
10,l_sw0008_sw0010,F150_TT750,SUCCESS_H2S,176.098334
10,l_sw0018_sw0020,F150_TT750,SUCCESS_H2S,178.45336
10,l_sw0042_sw0044,F150_TT750,SUCCESS_H2S,187.639059
10,l_sw0064_sw0066,F150_TT750,SUCCESS_H2S,172.13831
11,l_sw0036_sw0038,F150_TT750,SUCCESS_H2S,175.040424
11,l_sw0052_sw0054,F150_TT750,SUCCESS_H2S,190.499005
11,l_sw0070_sw0072,F150_TT750,SUCCESS_H2S,174.441366
11,l_sw0076_sw0078,F150_TT750,SUCCESS_H2S,182.239401
12,l_sw0068_sw0070,F150_TT750,SUCCESS_H2S,194.421207
242,l_sw0049_sw0051,F150_TT750,SUCCESS_H2S,209.117119
243,l_sw0037_sw0039,F150_TT750,HEURISTIC_NOT_FOUND,361.165849
243,l_sw0067_sw0069,F150_TT750,SUCCESS_H2S,225.004802
244,l_sw0029_sw0031,F150_TT750,SUCCESS_H2S,205.736568
244,l_sw0053_sw0055,F150_TT750,SUCCESS_H2S,200.817225
244,l_sw0071_sw0073,F150_TT750,SUCCESS_H2S,211.254954
244,l_sw0089_sw0091,F150_TT750,SUCCESS_H2S,204.711942
245,l_sw0001_sw0099,F150_TT750,SUCCESS_H2S,226.895307
245,l_sw0019_sw0021,F150_TT750,SUCCESS_H2S,204.013571
245,l_sw0041_sw0043,F150_TT750,SUCCESS_H2S,203.358251
245,l_sw0097_sw0099,F150_TT750,SUCCESS_H2S,206.871663
246,l_sw0021_sw0023,F150_TT750,SUCCESS_H2S,205.108395
246,l_sw0083_sw0085,F150_TT750,SUCCESS_H2S,226.153226
247,l_sw0003_sw0005,F150_TT750,SUCCESS_H2S,213.004539
1,l_sw0001_sw0002,F150_TT1000,SUCCESS_H2S,209.655075
30,l_sw0024_sw0026,F150_TT1000,SUCCESS_H2S,231.337283
262,l_sw0011_sw0013,F150_TT1000,HEURISTIC_NOT_FOUND,405.995609
1,l_sw0015_sw0016,F150_TT1000,SUCCESS_H2S,209.164028
1,l_sw0031_sw0032,F150_TT1000,SUCCESS_H2S,229.22956
1,l_sw0049_sw0050,F150_TT1000,SUCCESS_H2S,207.246663
1,l_sw0069_sw0070,F150_TT1000,SUCCESS_H2S,207.274919
1,l_sw0082_sw0083,F150_TT1000,SUCCESS_H2S,203.834593
1,l_sw0097_sw0098,F150_TT1000,SUCCESS_H2S,220.363965
2,l_sw0025_sw0026,F150_TT1000,SUCCESS_H2S,199.186875
2,l_sw0043_sw0044,F150_TT1000,SUCCESS_H2S,202.475241
2,l_sw0059_sw0060,F150_TT1000,SUCCESS_H2S,208.525285
2,l_sw0067_sw0068,F150_TT1000,SUCCESS_H2S,202.841483
2,l_sw0085_sw0086,F150_TT1000,SUCCESS_H2S,219.11642
2,l_sw0099_sw0100,F150_TT1000,SUCCESS_H2S,198.849105
6,l_sw0070_sw0071,F150_TT1000,SUCCESS_H2S,199.622058
7,l_sw0090_sw0091,F150_TT1000,SUCCESS_H2S,215.151882
27,l_sw0010_sw0012,F150_TT1000,SUCCESS_H2S,203.881409
27,l_sw0062_sw0064,F150_TT1000,SUCCESS_H2S,213.931365
28,l_sw0050_sw0052,F150_TT1000,SUCCESS_H2S,216.098983
29,l_sw0002_sw0004,F150_TT1000,SUCCESS_H2S,206.793095
29,l_sw0064_sw0066,F150_TT1000,SUCCESS_H2S,222.025236
30,l_sw0044_sw0046,F150_TT1000,SUCCESS_H2S,202.959021
30,l_sw0092_sw0094,F150_TT1000,SUCCESS_H2S,206.37364
31,l_sw0054_sw0056,F150_TT1000,SUCCESS_H2S,206.767848
32,l_sw0084_sw0086,F150_TT1000,SUCCESS_H2S,211.736148
34,l_sw0008_sw0010,F150_TT1000,SUCCESS_H2S,220.099233
34,l_sw0078_sw0080,F150_TT1000,SUCCESS_H2S,203.545343
35,l_sw0098_sw0100,F150_TT1000,SUCCESS_H2S,220.112896
254,l_sw0019_sw0021,F150_TT1000,HEURISTIC_NOT_FOUND,389.174759
255,l_sw0027_sw0029,F150_TT1000,HEURISTIC_NOT_FOUND,407.063826
255,l_sw0079_sw0081,F150_TT1000,HEURISTIC_NOT_FOUND,413.69052
256,l_sw0057_sw0059,F150_TT1000,HEURISTIC_NOT_FOUND,407.998517
256,l_sw0069_sw0071,F150_TT1000,HEURISTIC_NOT_FOUND,411.76793
257,l_sw0055_sw0057,F150_TT1000,SUCCESS_H2S,233.131518
258,l_sw0045_sw0047,F150_TT1000,SUCCESS_H2S,230.37024
259,l_sw0015_sw0017,F150_TT1000,HEURISTIC_NOT_FOUND,393.378145
259,l_sw0081_sw0083,F150_TT1000,HEURISTIC_NOT_FOUND,412.120287
260,l_sw0031_sw0033,F150_TT1000,HEURISTIC_NOT_FOUND,393.93789
261,l_sw0041_sw0043,F150_TT1000,HEURISTIC_NOT_FOUND,390.024136
