algorithm_used,all_flows_scheduled,case_id,expected_outcome,gzip_bytes,peak_memory_bytes,profile_bytes,profile_hash,project_static_checker_pass,runtime_ms,scheduled_flow_ratio,semantic_valid,status,upstream_verifier_pass
H2S,True,QH00,SUCCESS,356,12288000,715,a0c6a9eeabacb25b2f0fc12b140520a51a35dca4c0ce56461c854c274bb9d9cb,True,14.571741,1.0,True,SUCCESS_H2S,True
H2S,True,QH01,SUCCESS,409,12288000,999,dc941bda4a8c7b081a2260c6395b76b14c129b0e8e81bcf47a195aeba2924373,True,14.392144,1.0,True,SUCCESS_H2S,True
H2S,True,QH02,SUCCESS,658,12288000,3664,cb27c05987af1c8800509969630d75fe27b0c835d2db24a7c6c788fee7a4c518,True,14.219507,1.0,True,SUCCESS_H2S,True
H2S,True,QH03,SUCCESS,414,12124160,1001,4c17c55dc17c1efbe0f17d98b0290c576390751cda02763de9c8bdff88f17ca1,True,14.027083,1.0,True,SUCCESS_H2S,True
H2S,True,QH04,SUCCESS,356,12288000,715,a0c6a9eeabacb25b2f0fc12b140520a51a35dca4c0ce56461c854c274bb9d9cb,True,13.82321,1.0,True,SUCCESS_H2S,True
H2S,True,QH05,SUCCESS,446,12288000,1398,1765cc7c42a68a65b2791d556d2c1f2a58ff00ae313d17d17458f45ed58fd4e1,True,14.036799,1.0,True,SUCCESS_H2S,True
H2S,True,QH06,SUCCESS,410,12124160,1041,371521f7963f86063b9c2db3d2cf933d41bb4093a4bcb2283f7e373943eaf374,True,13.827125,1.0,True,SUCCESS_H2S,True
H2S,True,QH07,SUCCESS,409,12124160,999,dc941bda4a8c7b081a2260c6395b76b14c129b0e8e81bcf47a195aeba2924373,True,14.144899,1.0,True,SUCCESS_H2S,True
,False,QH08,HEURISTIC_NOT_FOUND,,12124160,,,False,27.463667,0.5,False,HEURISTIC_NOT_FOUND,False
H2S,True,QH09,SUCCESS,360,12124160,718,04c43dcc7680c4588ecde301cb8da458a57f503e53ed59061eb7aa251e56d64b,True,14.149716,1.0,True,SUCCESS_H2S,True
H2S,True,QH10,SUCCESS,412,12124160,1171,2e952650cc68f87ce7bbd975c6334bcfc444678f67ffa121d7c0446da2de0603,True,13.845852,1.0,True,SUCCESS_H2S,True
