HNF_set_matches_source,HNF_set_sha256,backend,baseline_parity_pass,instance_completion_matches_source,instance_completion_sha256,qualification_id,repeat,scenario,scheduled_count_matches_source,scheduled_flow_count,source_HNF_set_sha256,source_instance_completion_sha256,source_scheduled_flow_count
True,a0663d7deb382c3bf33d7161a3343a0974af92e16e5743b8923aa186586d0166,H2S,True,True,d383784046cc2f75bba5b0e5355b398f8bfc8c184b2aee9c55d88998e5499ddb,KQ11,1,M_RING,True,348,a0663d7deb382c3bf33d7161a3343a0974af92e16e5743b8923aa186586d0166,d383784046cc2f75bba5b0e5355b398f8bfc8c184b2aee9c55d88998e5499ddb,348
True,3cef8f64eb6f30c3aabfce8a90e0e66de187609194b7f4450f84eefe1857ec52,CELF,True,True,0e303dffb1bdb42cd6d9ea724b1993919cf521e759716f0b57e99017a0804d76,KQ11,1,M_RING,True,348,3cef8f64eb6f30c3aabfce8a90e0e66de187609194b7f4450f84eefe1857ec52,0e303dffb1bdb42cd6d9ea724b1993919cf521e759716f0b57e99017a0804d76,348
True,a0663d7deb382c3bf33d7161a3343a0974af92e16e5743b8923aa186586d0166,H2S,True,True,d383784046cc2f75bba5b0e5355b398f8bfc8c184b2aee9c55d88998e5499ddb,KQ11,2,M_RING,True,348,a0663d7deb382c3bf33d7161a3343a0974af92e16e5743b8923aa186586d0166,d383784046cc2f75bba5b0e5355b398f8bfc8c184b2aee9c55d88998e5499ddb,348
True,3cef8f64eb6f30c3aabfce8a90e0e66de187609194b7f4450f84eefe1857ec52,CELF,True,True,0e303dffb1bdb42cd6d9ea724b1993919cf521e759716f0b57e99017a0804d76,KQ11,2,M_RING,True,348,3cef8f64eb6f30c3aabfce8a90e0e66de187609194b7f4450f84eefe1857ec52,0e303dffb1bdb42cd6d9ea724b1993919cf521e759716f0b57e99017a0804d76,348
True,a0663d7deb382c3bf33d7161a3343a0974af92e16e5743b8923aa186586d0166,H2S,True,True,eda98aaa326e4f77cb89e0ecfdcd0013cd6dab7f1137e5b9bece31ffc4d43e51,KQ12,1,M_REDSTAR,True,348,a0663d7deb382c3bf33d7161a3343a0974af92e16e5743b8923aa186586d0166,eda98aaa326e4f77cb89e0ecfdcd0013cd6dab7f1137e5b9bece31ffc4d43e51,348
True,3cef8f64eb6f30c3aabfce8a90e0e66de187609194b7f4450f84eefe1857ec52,CELF,True,True,74fbcedf0be8bc181920d7746a90f72936e721aff1b0d20c566549db8e0a281d,KQ12,1,M_REDSTAR,True,348,3cef8f64eb6f30c3aabfce8a90e0e66de187609194b7f4450f84eefe1857ec52,74fbcedf0be8bc181920d7746a90f72936e721aff1b0d20c566549db8e0a281d,348
True,a0663d7deb382c3bf33d7161a3343a0974af92e16e5743b8923aa186586d0166,H2S,True,True,eda98aaa326e4f77cb89e0ecfdcd0013cd6dab7f1137e5b9bece31ffc4d43e51,KQ12,2,M_REDSTAR,True,348,a0663d7deb382c3bf33d7161a3343a0974af92e16e5743b8923aa186586d0166,eda98aaa326e4f77cb89e0ecfdcd0013cd6dab7f1137e5b9bece31ffc4d43e51,348
True,3cef8f64eb6f30c3aabfce8a90e0e66de187609194b7f4450f84eefe1857ec52,CELF,True,True,74fbcedf0be8bc181920d7746a90f72936e721aff1b0d20c566549db8e0a281d,KQ12,2,M_REDSTAR,True,348,3cef8f64eb6f30c3aabfce8a90e0e66de187609194b7f4450f84eefe1857ec52,74fbcedf0be8bc181920d7746a90f72936e721aff1b0d20c566549db8e0a281d,348
True,a0663d7deb382c3bf33d7161a3343a0974af92e16e5743b8923aa186586d0166,H2S,True,True,33d7e2769c748503eb7deb9cfd03fa0964b8c10196f01f38e5b8124ea2b621e0,KQ13,1,M_ROR,True,348,a0663d7deb382c3bf33d7161a3343a0974af92e16e5743b8923aa186586d0166,33d7e2769c748503eb7deb9cfd03fa0964b8c10196f01f38e5b8124ea2b621e0,348
True,3cef8f64eb6f30c3aabfce8a90e0e66de187609194b7f4450f84eefe1857ec52,CELF,True,True,f57dd6caf2af8579c586c20f63cb7d79a2a8c57d4e6bcfeefeb7508830f6d7a7,KQ13,1,M_ROR,True,348,3cef8f64eb6f30c3aabfce8a90e0e66de187609194b7f4450f84eefe1857ec52,f57dd6caf2af8579c586c20f63cb7d79a2a8c57d4e6bcfeefeb7508830f6d7a7,348
True,a0663d7deb382c3bf33d7161a3343a0974af92e16e5743b8923aa186586d0166,H2S,True,True,33d7e2769c748503eb7deb9cfd03fa0964b8c10196f01f38e5b8124ea2b621e0,KQ13,2,M_ROR,True,348,a0663d7deb382c3bf33d7161a3343a0974af92e16e5743b8923aa186586d0166,33d7e2769c748503eb7deb9cfd03fa0964b8c10196f01f38e5b8124ea2b621e0,348
True,3cef8f64eb6f30c3aabfce8a90e0e66de187609194b7f4450f84eefe1857ec52,CELF,True,True,f57dd6caf2af8579c586c20f63cb7d79a2a8c57d4e6bcfeefeb7508830f6d7a7,KQ13,2,M_ROR,True,348,3cef8f64eb6f30c3aabfce8a90e0e66de187609194b7f4450f84eefe1857ec52,f57dd6caf2af8579c586c20f63cb7d79a2a8c57d4e6bcfeefeb7508830f6d7a7,348
True,6ba80c16b3b809b03315d5305e376c31933dee59902ded1693f8bc42c3751960,H2S,True,True,2139cc70df0572d519dfeaf0d483a131b62c78d5c4df983431c31d66d799eff4,KQ14,1,L_RING,True,914,6ba80c16b3b809b03315d5305e376c31933dee59902ded1693f8bc42c3751960,2139cc70df0572d519dfeaf0d483a131b62c78d5c4df983431c31d66d799eff4,914
True,356d2a2008970524e2b52b7254d0631fcb20629b5eb70d2f4ef42c01beaf9e30,CELF,True,True,734c0fd08074c3b786b19126b54409a69ca165affcc370bdfe218302a63f82b0,KQ14,1,L_RING,True,914,356d2a2008970524e2b52b7254d0631fcb20629b5eb70d2f4ef42c01beaf9e30,734c0fd08074c3b786b19126b54409a69ca165affcc370bdfe218302a63f82b0,914
True,6ba80c16b3b809b03315d5305e376c31933dee59902ded1693f8bc42c3751960,H2S,True,True,2139cc70df0572d519dfeaf0d483a131b62c78d5c4df983431c31d66d799eff4,KQ14,2,L_RING,True,914,6ba80c16b3b809b03315d5305e376c31933dee59902ded1693f8bc42c3751960,2139cc70df0572d519dfeaf0d483a131b62c78d5c4df983431c31d66d799eff4,914
True,356d2a2008970524e2b52b7254d0631fcb20629b5eb70d2f4ef42c01beaf9e30,CELF,True,True,734c0fd08074c3b786b19126b54409a69ca165affcc370bdfe218302a63f82b0,KQ14,2,L_RING,True,914,356d2a2008970524e2b52b7254d0631fcb20629b5eb70d2f4ef42c01beaf9e30,734c0fd08074c3b786b19126b54409a69ca165affcc370bdfe218302a63f82b0,914
True,6ba80c16b3b809b03315d5305e376c31933dee59902ded1693f8bc42c3751960,H2S,True,True,32c651f21b3faf1b30f98d14075ecee34255b0442d1dbb8df705bd1d07ab13f2,KQ15,1,L_REDSTAR,True,914,6ba80c16b3b809b03315d5305e376c31933dee59902ded1693f8bc42c3751960,32c651f21b3faf1b30f98d14075ecee34255b0442d1dbb8df705bd1d07ab13f2,914
True,356d2a2008970524e2b52b7254d0631fcb20629b5eb70d2f4ef42c01beaf9e30,CELF,True,True,8337e461ac3886b35d64ca492e6f90886f05d4ae85ae9666d303a764631914ca,KQ15,1,L_REDSTAR,True,914,356d2a2008970524e2b52b7254d0631fcb20629b5eb70d2f4ef42c01beaf9e30,8337e461ac3886b35d64ca492e6f90886f05d4ae85ae9666d303a764631914ca,914
True,6ba80c16b3b809b03315d5305e376c31933dee59902ded1693f8bc42c3751960,H2S,True,True,32c651f21b3faf1b30f98d14075ecee34255b0442d1dbb8df705bd1d07ab13f2,KQ15,2,L_REDSTAR,True,914,6ba80c16b3b809b03315d5305e376c31933dee59902ded1693f8bc42c3751960,32c651f21b3faf1b30f98d14075ecee34255b0442d1dbb8df705bd1d07ab13f2,914
True,356d2a2008970524e2b52b7254d0631fcb20629b5eb70d2f4ef42c01beaf9e30,CELF,True,True,8337e461ac3886b35d64ca492e6f90886f05d4ae85ae9666d303a764631914ca,KQ15,2,L_REDSTAR,True,914,356d2a2008970524e2b52b7254d0631fcb20629b5eb70d2f4ef42c01beaf9e30,8337e461ac3886b35d64ca492e6f90886f05d4ae85ae9666d303a764631914ca,914
True,6ba80c16b3b809b03315d5305e376c31933dee59902ded1693f8bc42c3751960,H2S,True,True,17c3460c39225014f684892917bd1dd41b45aa8c7bdb0b2400c79b8db174743a,KQ16,1,L_ROR,True,914,6ba80c16b3b809b03315d5305e376c31933dee59902ded1693f8bc42c3751960,17c3460c39225014f684892917bd1dd41b45aa8c7bdb0b2400c79b8db174743a,914
True,356d2a2008970524e2b52b7254d0631fcb20629b5eb70d2f4ef42c01beaf9e30,CELF,True,True,9820c2a3b5c3a533387cf69a00ddbf09921ccb7b023b81ca28d866acd3f21a3d,KQ16,1,L_ROR,True,914,356d2a2008970524e2b52b7254d0631fcb20629b5eb70d2f4ef42c01beaf9e30,9820c2a3b5c3a533387cf69a00ddbf09921ccb7b023b81ca28d866acd3f21a3d,914
True,6ba80c16b3b809b03315d5305e376c31933dee59902ded1693f8bc42c3751960,H2S,True,True,17c3460c39225014f684892917bd1dd41b45aa8c7bdb0b2400c79b8db174743a,KQ16,2,L_ROR,True,914,6ba80c16b3b809b03315d5305e376c31933dee59902ded1693f8bc42c3751960,17c3460c39225014f684892917bd1dd41b45aa8c7bdb0b2400c79b8db174743a,914
True,356d2a2008970524e2b52b7254d0631fcb20629b5eb70d2f4ef42c01beaf9e30,CELF,True,True,9820c2a3b5c3a533387cf69a00ddbf09921ccb7b023b81ca28d866acd3f21a3d,KQ16,2,L_ROR,True,914,356d2a2008970524e2b52b7254d0631fcb20629b5eb70d2f4ef42c01beaf9e30,9820c2a3b5c3a533387cf69a00ddbf09921ccb7b023b81ca28d866acd3f21a3d,914
